userid,time,expect_app_help,easy_to_concet,able_focus_present,easy_new_habits,enjoy_reg_sched,recently_stressed,found_app_help
1,sign up,3,6,6,7,6,5,NA
1,post-14 days,NA,NA,NA,NA,NA,5,5
2,sign up,5,4,6,6,4,7,NA
2,post-14 days,NA,NA,NA,NA,NA,3,7
3,sign up,2,5,4,5,4,7,NA
3,post-14 days,NA,NA,NA,NA,NA,4,6
4,sign up,1,4,4,6,7,5,NA
4,post-14 days,NA,NA,NA,NA,NA,5,4
5,sign up,3,5,4,5,3,4,NA
5,post-14 days,NA,NA,NA,NA,NA,7,7
6,sign up,5,7,5,5,3,5,NA
6,post-14 days,NA,NA,NA,NA,NA,4,7
7,sign up,2,7,4,3,2,5,NA
7,post-14 days,NA,NA,NA,NA,NA,6,4
8,sign up,5,6,4,6,7,7,NA
8,post-14 days,NA,NA,NA,NA,NA,5,7
9,sign up,4,5,3,5,7,6,NA
9,post-14 days,NA,NA,NA,NA,NA,7,6
10,sign up,5,6,3,6,7,6,NA
10,post-14 days,NA,NA,NA,NA,NA,7,5
11,sign up,3,6,6,2,3,3,NA
11,post-14 days,NA,NA,NA,NA,NA,4,5
12,sign up,4,7,5,5,4,4,NA
12,post-14 days,NA,NA,NA,NA,NA,5,6
13,sign up,6,6,7,6,3,6,NA
13,post-14 days,NA,NA,NA,NA,NA,7,6
14,sign up,5,7,7,5,6,7,NA
14,post-14 days,NA,NA,NA,NA,NA,3,4
15,sign up,6,7,6,4,6,7,NA
15,post-14 days,NA,NA,NA,NA,NA,7,7
16,sign up,3,4,6,5,2,2,NA
16,post-14 days,NA,NA,NA,NA,NA,3,6
17,sign up,2,5,7,5,4,5,NA
17,post-14 days,NA,NA,NA,NA,NA,7,6
18,sign up,5,7,7,7,6,7,NA
18,post-14 days,NA,NA,NA,NA,NA,6,5
19,sign up,5,5,6,7,7,7,NA
19,post-14 days,NA,NA,NA,NA,NA,6,5
20,sign up,4,4,4,7,7,4,NA
20,post-14 days,NA,NA,NA,NA,NA,5,7
21,sign up,6,7,4,4,4,7,NA
21,post-14 days,NA,NA,NA,NA,NA,7,7
22,sign up,6,6,7,6,7,5,NA
22,post-14 days,NA,NA,NA,NA,NA,7,7
23,sign up,6,7,7,7,7,7,NA
23,post-14 days,NA,NA,NA,NA,NA,2,4
24,sign up,5,7,7,5,5,7,NA
24,post-14 days,NA,NA,NA,NA,NA,3,6
25,sign up,4,2,3,4,5,7,NA
25,post-14 days,NA,NA,NA,NA,NA,4,6
26,sign up,2,4,2,3,4,6,NA
26,post-14 days,NA,NA,NA,NA,NA,5,7
27,sign up,5,5,6,5,5,6,NA
27,post-14 days,NA,NA,NA,NA,NA,5,5
28,sign up,5,4,5,2,2,4,NA
28,post-14 days,NA,NA,NA,NA,NA,7,6
29,sign up,6,7,7,7,7,5,NA
29,post-14 days,NA,NA,NA,NA,NA,6,7
30,sign up,6,7,7,6,7,7,NA
30,post-14 days,NA,NA,NA,NA,NA,4,3
31,sign up,2,6,7,2,2,5,NA
31,post-14 days,NA,NA,NA,NA,NA,3,7
32,sign up,5,6,7,7,5,6,NA
32,post-14 days,NA,NA,NA,NA,NA,6,6
33,sign up,4,5,6,6,6,6,NA
33,post-14 days,NA,NA,NA,NA,NA,5,6
34,sign up,3,4,4,6,3,6,NA
34,post-14 days,NA,NA,NA,NA,NA,4,5
35,sign up,4,6,5,4,2,5,NA
35,post-14 days,NA,NA,NA,NA,NA,5,3
36,sign up,6,7,7,6,4,5,NA
36,post-14 days,NA,NA,NA,NA,NA,6,7
37,sign up,4,5,7,4,7,4,NA
37,post-14 days,NA,NA,NA,NA,NA,6,5
38,sign up,6,6,6,3,1,5,NA
38,post-14 days,NA,NA,NA,NA,NA,7,7
39,sign up,5,6,7,6,6,7,NA
39,post-14 days,NA,NA,NA,NA,NA,4,4
40,sign up,6,6,4,7,6,6,NA
40,post-14 days,NA,NA,NA,NA,NA,6,6
41,sign up,6,5,5,6,7,5,NA
41,post-14 days,NA,NA,NA,NA,NA,5,5
42,sign up,5,6,7,7,7,7,NA
42,post-14 days,NA,NA,NA,NA,NA,7,7
43,sign up,2,4,4,5,5,3,NA
43,post-14 days,NA,NA,NA,NA,NA,7,7
44,sign up,4,4,1,3,1,5,NA
44,post-14 days,NA,NA,NA,NA,NA,5,6
45,sign up,2,4,4,4,3,4,NA
45,post-14 days,NA,NA,NA,NA,NA,5,6
46,sign up,4,4,6,7,7,5,NA
46,post-14 days,NA,NA,NA,NA,NA,5,3
47,sign up,3,4,1,5,3,3,NA
47,post-14 days,NA,NA,NA,NA,NA,7,7
48,sign up,6,5,5,6,7,7,NA
48,post-14 days,NA,NA,NA,NA,NA,5,6
49,sign up,3,7,4,5,6,6,NA
49,post-14 days,NA,NA,NA,NA,NA,7,6
50,sign up,5,3,4,3,5,6,NA
50,post-14 days,NA,NA,NA,NA,NA,6,7
51,sign up,2,4,4,2,1,5,NA
51,post-14 days,NA,NA,NA,NA,NA,5,3
52,sign up,5,4,4,5,5,5,NA
52,post-14 days,NA,NA,NA,NA,NA,7,4
53,sign up,5,4,1,5,6,6,NA
53,post-14 days,NA,NA,NA,NA,NA,3,4
54,sign up,3,3,3,5,7,4,NA
54,post-14 days,NA,NA,NA,NA,NA,6,7
55,sign up,4,3,2,6,4,4,NA
55,post-14 days,NA,NA,NA,NA,NA,7,7
56,sign up,6,4,2,4,3,5,NA
56,post-14 days,NA,NA,NA,NA,NA,5,7
57,sign up,4,6,4,6,7,5,NA
57,post-14 days,NA,NA,NA,NA,NA,4,3
58,sign up,5,6,3,6,7,6,NA
58,post-14 days,NA,NA,NA,NA,NA,4,6
59,sign up,4,4,4,5,5,5,NA
59,post-14 days,NA,NA,NA,NA,NA,7,4
60,sign up,4,3,2,4,5,5,NA
60,post-14 days,NA,NA,NA,NA,NA,4,3
61,sign up,5,6,4,6,6,7,NA
61,post-14 days,NA,NA,NA,NA,NA,7,7
62,sign up,5,4,2,6,4,6,NA
62,post-14 days,NA,NA,NA,NA,NA,7,6
63,sign up,6,4,5,4,6,4,NA
63,post-14 days,NA,NA,NA,NA,NA,4,4
64,sign up,5,4,4,7,7,5,NA
64,post-14 days,NA,NA,NA,NA,NA,5,2
65,sign up,6,7,7,6,3,7,NA
65,post-14 days,NA,NA,NA,NA,NA,5,5
66,sign up,6,7,5,6,7,7,NA
66,post-14 days,NA,NA,NA,NA,NA,4,4
67,sign up,5,6,6,4,5,3,NA
67,post-14 days,NA,NA,NA,NA,NA,7,7
68,sign up,6,3,2,5,7,6,NA
68,post-14 days,NA,NA,NA,NA,NA,5,5
69,sign up,6,6,7,7,7,7,NA
69,post-14 days,NA,NA,NA,NA,NA,6,4
70,sign up,2,5,2,4,5,4,NA
70,post-14 days,NA,NA,NA,NA,NA,7,7
71,sign up,4,3,2,4,2,2,NA
71,post-14 days,NA,NA,NA,NA,NA,5,3
72,sign up,4,5,5,3,5,6,NA
72,post-14 days,NA,NA,NA,NA,NA,5,7
73,sign up,5,6,5,4,5,6,NA
73,post-14 days,NA,NA,NA,NA,NA,6,5
74,sign up,2,5,4,6,7,7,NA
74,post-14 days,NA,NA,NA,NA,NA,4,5
75,sign up,4,6,7,6,5,7,NA
75,post-14 days,NA,NA,NA,NA,NA,7,4
76,sign up,6,4,2,6,4,3,NA
76,post-14 days,NA,NA,NA,NA,NA,5,5
77,sign up,4,7,7,5,4,6,NA
77,post-14 days,NA,NA,NA,NA,NA,5,4
78,sign up,6,7,7,7,7,5,NA
78,post-14 days,NA,NA,NA,NA,NA,6,7
79,sign up,6,6,5,6,7,6,NA
79,post-14 days,NA,NA,NA,NA,NA,5,4
80,sign up,6,5,4,7,6,7,NA
80,post-14 days,NA,NA,NA,NA,NA,4,7
81,sign up,6,7,7,6,6,7,NA
81,post-14 days,NA,NA,NA,NA,NA,2,4
82,sign up,5,6,6,5,2,4,NA
82,post-14 days,NA,NA,NA,NA,NA,6,5
83,sign up,5,7,7,7,6,7,NA
83,post-14 days,NA,NA,NA,NA,NA,4,7
84,sign up,6,5,7,7,7,5,NA
84,post-14 days,NA,NA,NA,NA,NA,6,4
85,sign up,3,7,4,4,4,4,NA
85,post-14 days,NA,NA,NA,NA,NA,7,7
86,sign up,5,5,2,7,7,6,NA
86,post-14 days,NA,NA,NA,NA,NA,6,5
87,sign up,6,5,2,6,5,5,NA
87,post-14 days,NA,NA,NA,NA,NA,6,6
88,sign up,3,5,3,3,2,5,NA
88,post-14 days,NA,NA,NA,NA,NA,6,5
89,sign up,1,5,7,4,1,3,NA
89,post-14 days,NA,NA,NA,NA,NA,5,7
90,sign up,6,7,7,7,7,7,NA
90,post-14 days,NA,NA,NA,NA,NA,7,7
91,sign up,5,4,5,7,7,6,NA
91,post-14 days,NA,NA,NA,NA,NA,6,7
92,sign up,3,7,6,7,6,4,NA
92,post-14 days,NA,NA,NA,NA,NA,6,7
93,sign up,4,6,6,4,3,4,NA
93,post-14 days,NA,NA,NA,NA,NA,6,5
94,sign up,6,3,4,3,6,7,NA
94,post-14 days,NA,NA,NA,NA,NA,5,4
95,sign up,5,3,1,5,4,5,NA
95,post-14 days,NA,NA,NA,NA,NA,6,7
96,sign up,3,3,1,3,1,4,NA
96,post-14 days,NA,NA,NA,NA,NA,4,7
97,sign up,5,7,7,6,6,7,NA
97,post-14 days,NA,NA,NA,NA,NA,3,7
98,sign up,4,4,1,3,5,4,NA
98,post-14 days,NA,NA,NA,NA,NA,5,5
99,sign up,3,1,1,6,7,4,NA
99,post-14 days,NA,NA,NA,NA,NA,6,6
100,sign up,3,4,4,6,6,3,NA
100,post-14 days,NA,NA,NA,NA,NA,7,7
101,sign up,5,5,4,4,7,4,NA
101,post-14 days,NA,NA,NA,NA,NA,5,5
102,sign up,5,4,5,3,5,7,NA
102,post-14 days,NA,NA,NA,NA,NA,7,5
103,sign up,6,7,5,6,5,7,NA
103,post-14 days,NA,NA,NA,NA,NA,2,2
104,sign up,4,5,4,7,4,5,NA
104,post-14 days,NA,NA,NA,NA,NA,5,4
105,sign up,4,7,7,7,4,6,NA
105,post-14 days,NA,NA,NA,NA,NA,7,6
106,sign up,5,5,6,6,6,5,NA
106,post-14 days,NA,NA,NA,NA,NA,5,7
107,sign up,4,5,2,7,7,6,NA
107,post-14 days,NA,NA,NA,NA,NA,7,7
108,sign up,2,4,4,4,6,3,NA
108,post-14 days,NA,NA,NA,NA,NA,7,7
109,sign up,4,5,7,4,2,4,NA
109,post-14 days,NA,NA,NA,NA,NA,6,7
110,sign up,3,6,7,4,7,5,NA
110,post-14 days,NA,NA,NA,NA,NA,7,6
111,sign up,5,4,6,4,6,4,NA
111,post-14 days,NA,NA,NA,NA,NA,6,7
112,sign up,6,7,6,6,7,7,NA
112,post-14 days,NA,NA,NA,NA,NA,5,5
113,sign up,4,7,7,6,7,7,NA
113,post-14 days,NA,NA,NA,NA,NA,6,4
114,sign up,4,5,3,6,4,5,NA
114,post-14 days,NA,NA,NA,NA,NA,7,7
115,sign up,5,4,3,7,5,6,NA
115,post-14 days,NA,NA,NA,NA,NA,4,4
116,sign up,3,5,4,4,4,6,NA
116,post-14 days,NA,NA,NA,NA,NA,5,6
117,sign up,4,5,4,4,2,5,NA
117,post-14 days,NA,NA,NA,NA,NA,6,5
118,sign up,3,5,5,4,5,6,NA
118,post-14 days,NA,NA,NA,NA,NA,6,7
119,sign up,5,4,5,7,4,7,NA
119,post-14 days,NA,NA,NA,NA,NA,6,7
120,sign up,6,6,4,5,6,5,NA
120,post-14 days,NA,NA,NA,NA,NA,5,5
121,sign up,5,7,6,5,7,4,NA
121,post-14 days,NA,NA,NA,NA,NA,7,6
122,sign up,5,5,4,5,7,7,NA
122,post-14 days,NA,NA,NA,NA,NA,5,6
123,sign up,4,7,7,5,4,4,NA
123,post-14 days,NA,NA,NA,NA,NA,2,2
124,sign up,5,4,3,2,2,4,NA
124,post-14 days,NA,NA,NA,NA,NA,4,2
125,sign up,4,7,5,6,7,6,NA
125,post-14 days,NA,NA,NA,NA,NA,7,6
126,sign up,5,5,2,3,5,2,NA
126,post-14 days,NA,NA,NA,NA,NA,7,5
127,sign up,4,7,5,6,7,6,NA
127,post-14 days,NA,NA,NA,NA,NA,6,3
128,sign up,4,4,6,5,4,4,NA
128,post-14 days,NA,NA,NA,NA,NA,4,5
129,sign up,4,5,7,5,6,4,NA
129,post-14 days,NA,NA,NA,NA,NA,3,2
130,sign up,5,5,4,2,1,6,NA
130,post-14 days,NA,NA,NA,NA,NA,4,7
131,sign up,5,5,4,6,3,5,NA
131,post-14 days,NA,NA,NA,NA,NA,6,7
132,sign up,5,5,4,6,5,7,NA
132,post-14 days,NA,NA,NA,NA,NA,5,6
133,sign up,5,6,3,6,4,6,NA
133,post-14 days,NA,NA,NA,NA,NA,3,4
134,sign up,4,7,7,2,1,5,NA
134,post-14 days,NA,NA,NA,NA,NA,6,5
135,sign up,5,6,6,5,4,7,NA
135,post-14 days,NA,NA,NA,NA,NA,6,7
136,sign up,3,4,2,6,7,6,NA
136,post-14 days,NA,NA,NA,NA,NA,7,4
137,sign up,4,5,3,4,1,6,NA
137,post-14 days,NA,NA,NA,NA,NA,7,7
138,sign up,4,7,7,6,6,7,NA
138,post-14 days,NA,NA,NA,NA,NA,5,4
139,sign up,5,7,4,3,5,3,NA
139,post-14 days,NA,NA,NA,NA,NA,5,5
140,sign up,3,7,7,7,5,7,NA
140,post-14 days,NA,NA,NA,NA,NA,7,7
141,sign up,6,7,7,7,7,7,NA
141,post-14 days,NA,NA,NA,NA,NA,7,4
142,sign up,2,4,6,5,5,4,NA
142,post-14 days,NA,NA,NA,NA,NA,5,5
143,sign up,4,6,7,4,6,6,NA
143,post-14 days,NA,NA,NA,NA,NA,5,5
144,sign up,6,5,7,5,3,6,NA
144,post-14 days,NA,NA,NA,NA,NA,7,7
145,sign up,4,3,3,5,5,2,NA
145,post-14 days,NA,NA,NA,NA,NA,6,7
146,sign up,2,6,5,5,7,5,NA
146,post-14 days,NA,NA,NA,NA,NA,4,6
147,sign up,4,7,7,6,7,6,NA
147,post-14 days,NA,NA,NA,NA,NA,5,6
148,sign up,3,3,1,5,4,6,NA
148,post-14 days,NA,NA,NA,NA,NA,2,2
149,sign up,5,6,6,7,6,7,NA
149,post-14 days,NA,NA,NA,NA,NA,4,7
150,sign up,4,4,2,3,2,3,NA
150,post-14 days,NA,NA,NA,NA,NA,6,7
151,sign up,3,5,4,4,4,5,NA
151,post-14 days,NA,NA,NA,NA,NA,7,7
152,sign up,6,6,5,5,3,7,NA
152,post-14 days,NA,NA,NA,NA,NA,5,6
153,sign up,5,7,5,7,5,5,NA
153,post-14 days,NA,NA,NA,NA,NA,3,4
154,sign up,3,5,3,7,7,6,NA
154,post-14 days,NA,NA,NA,NA,NA,7,4
155,sign up,3,4,4,4,3,4,NA
155,post-14 days,NA,NA,NA,NA,NA,4,5
156,sign up,5,7,7,3,2,5,NA
156,post-14 days,NA,NA,NA,NA,NA,7,5
157,sign up,3,3,4,4,3,3,NA
157,post-14 days,NA,NA,NA,NA,NA,4,4
158,sign up,6,5,6,5,4,7,NA
158,post-14 days,NA,NA,NA,NA,NA,6,3
159,sign up,4,6,5,7,6,5,NA
159,post-14 days,NA,NA,NA,NA,NA,7,6
160,sign up,5,5,6,5,7,7,NA
160,post-14 days,NA,NA,NA,NA,NA,5,5
161,sign up,6,7,7,7,5,7,NA
161,post-14 days,NA,NA,NA,NA,NA,5,3
162,sign up,6,7,4,7,6,7,NA
162,post-14 days,NA,NA,NA,NA,NA,5,5
163,sign up,4,5,4,4,2,4,NA
163,post-14 days,NA,NA,NA,NA,NA,7,7
164,sign up,6,4,3,6,5,3,NA
164,post-14 days,NA,NA,NA,NA,NA,5,5
165,sign up,6,2,4,3,1,5,NA
165,post-14 days,NA,NA,NA,NA,NA,5,5
166,sign up,3,4,6,5,4,2,NA
166,post-14 days,NA,NA,NA,NA,NA,5,7
167,sign up,3,3,5,7,7,4,NA
167,post-14 days,NA,NA,NA,NA,NA,6,7
168,sign up,4,7,5,6,4,6,NA
168,post-14 days,NA,NA,NA,NA,NA,3,2
169,sign up,4,3,1,4,4,3,NA
169,post-14 days,NA,NA,NA,NA,NA,5,4
170,sign up,6,4,3,7,5,6,NA
170,post-14 days,NA,NA,NA,NA,NA,5,5
171,sign up,4,4,2,4,4,4,NA
171,post-14 days,NA,NA,NA,NA,NA,6,3
172,sign up,6,6,7,7,6,6,NA
172,post-14 days,NA,NA,NA,NA,NA,5,5
173,sign up,4,5,3,6,7,5,NA
173,post-14 days,NA,NA,NA,NA,NA,4,4
174,sign up,6,5,7,5,2,7,NA
174,post-14 days,NA,NA,NA,NA,NA,4,5
175,sign up,6,5,3,3,4,5,NA
175,post-14 days,NA,NA,NA,NA,NA,4,2
176,sign up,6,6,7,6,5,6,NA
176,post-14 days,NA,NA,NA,NA,NA,5,4
177,sign up,5,4,2,5,6,4,NA
177,post-14 days,NA,NA,NA,NA,NA,5,7
178,sign up,6,7,6,7,6,7,NA
178,post-14 days,NA,NA,NA,NA,NA,4,2
179,sign up,4,2,4,4,6,4,NA
179,post-14 days,NA,NA,NA,NA,NA,6,7
180,sign up,6,7,7,7,5,7,NA
180,post-14 days,NA,NA,NA,NA,NA,6,6
181,sign up,6,7,4,7,7,4,NA
181,post-14 days,NA,NA,NA,NA,NA,4,5
182,sign up,6,6,7,7,5,5,NA
182,post-14 days,NA,NA,NA,NA,NA,6,6
183,sign up,4,3,3,5,2,5,NA
183,post-14 days,NA,NA,NA,NA,NA,4,5
184,sign up,3,7,7,4,3,5,NA
184,post-14 days,NA,NA,NA,NA,NA,4,5
185,sign up,5,6,4,6,4,7,NA
185,post-14 days,NA,NA,NA,NA,NA,5,4
186,sign up,2,5,6,4,6,5,NA
186,post-14 days,NA,NA,NA,NA,NA,7,3
187,sign up,5,7,7,7,7,4,NA
187,post-14 days,NA,NA,NA,NA,NA,4,6
188,sign up,5,4,6,7,7,6,NA
188,post-14 days,NA,NA,NA,NA,NA,7,7
189,sign up,3,2,5,4,1,3,NA
189,post-14 days,NA,NA,NA,NA,NA,4,4
190,sign up,3,7,7,7,7,7,NA
190,post-14 days,NA,NA,NA,NA,NA,5,5
191,sign up,3,7,7,5,5,6,NA
191,post-14 days,NA,NA,NA,NA,NA,4,4
192,sign up,5,6,7,4,5,6,NA
192,post-14 days,NA,NA,NA,NA,NA,6,5
193,sign up,4,6,5,5,4,5,NA
193,post-14 days,NA,NA,NA,NA,NA,3,4
194,sign up,5,6,7,7,6,5,NA
194,post-14 days,NA,NA,NA,NA,NA,7,7
195,sign up,5,7,4,6,7,5,NA
195,post-14 days,NA,NA,NA,NA,NA,7,5
196,sign up,6,6,7,7,7,7,NA
196,post-14 days,NA,NA,NA,NA,NA,5,6
197,sign up,4,6,5,5,7,5,NA
197,post-14 days,NA,NA,NA,NA,NA,5,5
198,sign up,6,5,3,6,7,6,NA
198,post-14 days,NA,NA,NA,NA,NA,4,7
199,sign up,2,4,4,6,5,4,NA
199,post-14 days,NA,NA,NA,NA,NA,3,5
200,sign up,5,7,7,6,4,5,NA
200,post-14 days,NA,NA,NA,NA,NA,7,7
201,sign up,6,7,7,6,6,7,NA
201,post-14 days,NA,NA,NA,NA,NA,5,4
202,sign up,3,6,6,7,5,7,NA
202,post-14 days,NA,NA,NA,NA,NA,4,5
203,sign up,4,5,5,4,4,4,NA
203,post-14 days,NA,NA,NA,NA,NA,6,4
204,sign up,5,5,4,7,7,7,NA
204,post-14 days,NA,NA,NA,NA,NA,5,5
205,sign up,3,4,6,4,4,5,NA
205,post-14 days,NA,NA,NA,NA,NA,6,6
206,sign up,6,6,4,4,3,6,NA
206,post-14 days,NA,NA,NA,NA,NA,7,7
207,sign up,6,6,3,7,6,6,NA
207,post-14 days,NA,NA,NA,NA,NA,4,7
208,sign up,2,4,6,5,5,5,NA
208,post-14 days,NA,NA,NA,NA,NA,7,6
209,sign up,3,5,6,5,3,4,NA
209,post-14 days,NA,NA,NA,NA,NA,7,4
210,sign up,5,4,2,4,4,5,NA
210,post-14 days,NA,NA,NA,NA,NA,4,5
211,sign up,4,5,4,6,7,5,NA
211,post-14 days,NA,NA,NA,NA,NA,6,6
212,sign up,5,7,7,5,5,5,NA
212,post-14 days,NA,NA,NA,NA,NA,5,4
213,sign up,4,5,5,6,4,7,NA
213,post-14 days,NA,NA,NA,NA,NA,5,7
214,sign up,1,5,3,4,6,5,NA
214,post-14 days,NA,NA,NA,NA,NA,7,5
215,sign up,6,7,7,7,7,6,NA
215,post-14 days,NA,NA,NA,NA,NA,4,2
216,sign up,5,5,4,4,4,6,NA
216,post-14 days,NA,NA,NA,NA,NA,7,5
217,sign up,5,7,6,7,7,6,NA
217,post-14 days,NA,NA,NA,NA,NA,6,4
218,sign up,4,5,2,7,7,7,NA
218,post-14 days,NA,NA,NA,NA,NA,5,4
219,sign up,4,4,4,4,4,6,NA
219,post-14 days,NA,NA,NA,NA,NA,6,7
220,sign up,3,3,5,7,4,4,NA
220,post-14 days,NA,NA,NA,NA,NA,6,7
221,sign up,3,7,4,4,6,4,NA
221,post-14 days,NA,NA,NA,NA,NA,6,6
222,sign up,4,6,7,6,6,7,NA
222,post-14 days,NA,NA,NA,NA,NA,4,3
223,sign up,1,6,7,4,2,3,NA
223,post-14 days,NA,NA,NA,NA,NA,7,5
224,sign up,3,5,2,5,7,5,NA
224,post-14 days,NA,NA,NA,NA,NA,5,7
225,sign up,3,6,5,3,5,7,NA
225,post-14 days,NA,NA,NA,NA,NA,3,5
226,sign up,5,6,7,6,7,7,NA
226,post-14 days,NA,NA,NA,NA,NA,7,7
227,sign up,6,5,4,6,6,5,NA
227,post-14 days,NA,NA,NA,NA,NA,7,5
228,sign up,5,5,5,6,6,6,NA
228,post-14 days,NA,NA,NA,NA,NA,4,5
229,sign up,6,5,5,5,7,6,NA
229,post-14 days,NA,NA,NA,NA,NA,3,6
230,sign up,4,4,2,4,2,6,NA
230,post-14 days,NA,NA,NA,NA,NA,6,7
231,sign up,4,5,6,5,2,5,NA
231,post-14 days,NA,NA,NA,NA,NA,1,6
232,sign up,5,4,5,5,5,7,NA
232,post-14 days,NA,NA,NA,NA,NA,5,4
233,sign up,3,2,1,4,3,5,NA
233,post-14 days,NA,NA,NA,NA,NA,7,5
234,sign up,6,6,5,6,6,6,NA
234,post-14 days,NA,NA,NA,NA,NA,5,4
235,sign up,5,6,5,7,6,5,NA
235,post-14 days,NA,NA,NA,NA,NA,7,5
236,sign up,5,7,7,5,5,5,NA
236,post-14 days,NA,NA,NA,NA,NA,5,7
237,sign up,3,4,3,4,4,2,NA
237,post-14 days,NA,NA,NA,NA,NA,6,7
238,sign up,5,6,5,6,6,5,NA
238,post-14 days,NA,NA,NA,NA,NA,6,6
239,sign up,6,7,7,7,7,7,NA
239,post-14 days,NA,NA,NA,NA,NA,7,5
240,sign up,1,6,5,4,4,4,NA
240,post-14 days,NA,NA,NA,NA,NA,6,7
241,sign up,5,5,7,3,2,5,NA
241,post-14 days,NA,NA,NA,NA,NA,2,5
242,sign up,3,4,4,4,2,6,NA
242,post-14 days,NA,NA,NA,NA,NA,4,4
243,sign up,6,7,7,7,7,7,NA
243,post-14 days,NA,NA,NA,NA,NA,2,6
244,sign up,4,5,5,6,7,6,NA
244,post-14 days,NA,NA,NA,NA,NA,7,7
245,sign up,3,4,2,4,5,5,NA
245,post-14 days,NA,NA,NA,NA,NA,6,3
246,sign up,4,6,4,6,6,7,NA
246,post-14 days,NA,NA,NA,NA,NA,3,4
247,sign up,6,5,7,6,4,7,NA
247,post-14 days,NA,NA,NA,NA,NA,6,5
248,sign up,2,5,4,2,1,3,NA
248,post-14 days,NA,NA,NA,NA,NA,7,6
249,sign up,5,2,5,4,6,4,NA
249,post-14 days,NA,NA,NA,NA,NA,4,5
250,sign up,6,6,7,7,7,7,NA
250,post-14 days,NA,NA,NA,NA,NA,6,6
251,sign up,5,7,6,5,3,6,NA
251,post-14 days,NA,NA,NA,NA,NA,4,6
252,sign up,6,5,7,4,4,7,NA
252,post-14 days,NA,NA,NA,NA,NA,7,5
253,sign up,2,3,3,7,7,6,NA
253,post-14 days,NA,NA,NA,NA,NA,7,7
254,sign up,3,5,5,7,7,1,NA
254,post-14 days,NA,NA,NA,NA,NA,6,6
255,sign up,5,4,2,3,3,6,NA
255,post-14 days,NA,NA,NA,NA,NA,6,7
256,sign up,4,2,1,4,6,5,NA
256,post-14 days,NA,NA,NA,NA,NA,4,4
257,sign up,6,6,7,7,4,7,NA
257,post-14 days,NA,NA,NA,NA,NA,4,4
258,sign up,6,6,4,6,4,5,NA
258,post-14 days,NA,NA,NA,NA,NA,7,6
259,sign up,4,7,5,5,4,6,NA
259,post-14 days,NA,NA,NA,NA,NA,7,6
260,sign up,3,4,2,3,5,4,NA
260,post-14 days,NA,NA,NA,NA,NA,5,2
261,sign up,3,4,5,4,4,5,NA
261,post-14 days,NA,NA,NA,NA,NA,7,4
262,sign up,6,4,5,6,5,6,NA
262,post-14 days,NA,NA,NA,NA,NA,7,7
263,sign up,3,5,2,5,5,7,NA
263,post-14 days,NA,NA,NA,NA,NA,4,5
264,sign up,6,6,7,7,6,6,NA
264,post-14 days,NA,NA,NA,NA,NA,3,4
265,sign up,4,2,4,3,4,4,NA
265,post-14 days,NA,NA,NA,NA,NA,5,7
266,sign up,5,6,4,4,2,7,NA
266,post-14 days,NA,NA,NA,NA,NA,6,6
267,sign up,4,6,6,6,7,6,NA
267,post-14 days,NA,NA,NA,NA,NA,5,5
268,sign up,6,6,4,5,7,6,NA
268,post-14 days,NA,NA,NA,NA,NA,2,3
269,sign up,5,6,7,6,7,5,NA
269,post-14 days,NA,NA,NA,NA,NA,6,7
270,sign up,6,7,4,7,7,7,NA
270,post-14 days,NA,NA,NA,NA,NA,4,5
271,sign up,4,5,3,5,3,5,NA
271,post-14 days,NA,NA,NA,NA,NA,7,5
272,sign up,3,6,6,6,7,5,NA
272,post-14 days,NA,NA,NA,NA,NA,4,5
273,sign up,6,7,6,7,6,7,NA
273,post-14 days,NA,NA,NA,NA,NA,3,4
274,sign up,5,6,7,7,7,5,NA
274,post-14 days,NA,NA,NA,NA,NA,4,6
275,sign up,6,6,7,4,6,6,NA
275,post-14 days,NA,NA,NA,NA,NA,5,4
276,sign up,2,3,3,4,2,4,NA
276,post-14 days,NA,NA,NA,NA,NA,7,5
277,sign up,2,5,7,6,6,6,NA
277,post-14 days,NA,NA,NA,NA,NA,7,5
278,sign up,3,5,2,4,1,6,NA
278,post-14 days,NA,NA,NA,NA,NA,3,4
279,sign up,2,3,3,2,5,5,NA
279,post-14 days,NA,NA,NA,NA,NA,2,5
280,sign up,6,4,5,5,7,4,NA
280,post-14 days,NA,NA,NA,NA,NA,7,5
281,sign up,6,5,4,4,4,6,NA
281,post-14 days,NA,NA,NA,NA,NA,4,4
282,sign up,4,5,6,5,4,4,NA
282,post-14 days,NA,NA,NA,NA,NA,5,4
283,sign up,5,6,4,7,7,6,NA
283,post-14 days,NA,NA,NA,NA,NA,4,3
284,sign up,6,5,3,7,7,5,NA
284,post-14 days,NA,NA,NA,NA,NA,5,5
285,sign up,5,5,3,5,3,6,NA
285,post-14 days,NA,NA,NA,NA,NA,6,4
286,sign up,6,7,6,6,3,7,NA
286,post-14 days,NA,NA,NA,NA,NA,6,6
287,sign up,4,6,7,7,5,4,NA
287,post-14 days,NA,NA,NA,NA,NA,5,5
288,sign up,4,5,5,4,7,6,NA
288,post-14 days,NA,NA,NA,NA,NA,7,6
289,sign up,6,7,7,7,7,7,NA
289,post-14 days,NA,NA,NA,NA,NA,5,5
290,sign up,4,7,6,6,6,6,NA
290,post-14 days,NA,NA,NA,NA,NA,7,7
291,sign up,5,1,1,4,6,1,NA
291,post-14 days,NA,NA,NA,NA,NA,4,6
292,sign up,3,7,6,6,6,5,NA
292,post-14 days,NA,NA,NA,NA,NA,7,6
293,sign up,4,5,5,2,3,5,NA
293,post-14 days,NA,NA,NA,NA,NA,5,6
294,sign up,5,7,7,6,6,6,NA
294,post-14 days,NA,NA,NA,NA,NA,7,7
295,sign up,2,7,7,6,5,4,NA
295,post-14 days,NA,NA,NA,NA,NA,5,5
296,sign up,5,4,2,5,3,6,NA
296,post-14 days,NA,NA,NA,NA,NA,6,4
297,sign up,5,5,3,6,5,7,NA
297,post-14 days,NA,NA,NA,NA,NA,5,4
298,sign up,4,6,6,4,5,6,NA
298,post-14 days,NA,NA,NA,NA,NA,3,5
299,sign up,3,4,7,3,1,6,NA
299,post-14 days,NA,NA,NA,NA,NA,6,6
300,sign up,5,7,7,7,6,6,NA
300,post-14 days,NA,NA,NA,NA,NA,5,7
301,sign up,5,7,4,7,5,6,NA
301,post-14 days,NA,NA,NA,NA,NA,5,4
302,sign up,4,4,6,5,6,6,NA
302,post-14 days,NA,NA,NA,NA,NA,6,6
303,sign up,3,5,7,4,5,6,NA
303,post-14 days,NA,NA,NA,NA,NA,5,4
304,sign up,4,4,2,7,6,5,NA
304,post-14 days,NA,NA,NA,NA,NA,5,6
305,sign up,5,4,1,6,5,6,NA
305,post-14 days,NA,NA,NA,NA,NA,6,7
306,sign up,4,6,7,5,6,7,NA
306,post-14 days,NA,NA,NA,NA,NA,7,7
307,sign up,3,4,3,5,4,5,NA
307,post-14 days,NA,NA,NA,NA,NA,5,5
308,sign up,4,7,4,7,5,6,NA
308,post-14 days,NA,NA,NA,NA,NA,5,5
309,sign up,6,4,1,7,6,6,NA
309,post-14 days,NA,NA,NA,NA,NA,3,4
310,sign up,5,7,7,5,6,7,NA
310,post-14 days,NA,NA,NA,NA,NA,7,4
311,sign up,5,4,3,4,6,5,NA
311,post-14 days,NA,NA,NA,NA,NA,6,5
312,sign up,6,6,3,5,7,5,NA
312,post-14 days,NA,NA,NA,NA,NA,7,7
313,sign up,2,5,5,3,4,5,NA
313,post-14 days,NA,NA,NA,NA,NA,5,6
314,sign up,5,5,5,5,5,6,NA
314,post-14 days,NA,NA,NA,NA,NA,7,3
315,sign up,6,6,6,6,5,6,NA
315,post-14 days,NA,NA,NA,NA,NA,5,6
316,sign up,5,5,4,6,4,7,NA
316,post-14 days,NA,NA,NA,NA,NA,5,6
317,sign up,3,6,6,5,6,3,NA
317,post-14 days,NA,NA,NA,NA,NA,5,6
318,sign up,3,4,3,5,5,3,NA
318,post-14 days,NA,NA,NA,NA,NA,7,7
319,sign up,3,5,3,5,5,5,NA
319,post-14 days,NA,NA,NA,NA,NA,3,5
320,sign up,6,4,3,3,5,4,NA
320,post-14 days,NA,NA,NA,NA,NA,5,7
321,sign up,6,5,7,3,5,5,NA
321,post-14 days,NA,NA,NA,NA,NA,6,6
322,sign up,3,4,6,6,6,6,NA
322,post-14 days,NA,NA,NA,NA,NA,6,6
323,sign up,6,5,6,6,6,4,NA
323,post-14 days,NA,NA,NA,NA,NA,5,7
324,sign up,4,7,7,6,6,7,NA
324,post-14 days,NA,NA,NA,NA,NA,7,7
325,sign up,4,5,2,7,4,5,NA
325,post-14 days,NA,NA,NA,NA,NA,7,5
326,sign up,5,2,2,4,7,5,NA
326,post-14 days,NA,NA,NA,NA,NA,7,7
327,sign up,6,5,7,5,3,5,NA
327,post-14 days,NA,NA,NA,NA,NA,3,5
328,sign up,5,7,7,6,5,5,NA
328,post-14 days,NA,NA,NA,NA,NA,3,5
329,sign up,6,6,7,5,7,6,NA
329,post-14 days,NA,NA,NA,NA,NA,6,5
330,sign up,5,7,7,7,7,5,NA
330,post-14 days,NA,NA,NA,NA,NA,7,6
331,sign up,6,7,6,6,6,5,NA
331,post-14 days,NA,NA,NA,NA,NA,4,4
332,sign up,6,6,7,6,7,7,NA
332,post-14 days,NA,NA,NA,NA,NA,3,5
333,sign up,4,3,5,7,4,4,NA
333,post-14 days,NA,NA,NA,NA,NA,6,7
334,sign up,3,3,3,6,3,5,NA
334,post-14 days,NA,NA,NA,NA,NA,5,6
335,sign up,4,4,5,6,3,7,NA
335,post-14 days,NA,NA,NA,NA,NA,4,4
336,sign up,6,7,7,7,7,7,NA
336,post-14 days,NA,NA,NA,NA,NA,7,5
337,sign up,2,4,3,4,4,6,NA
337,post-14 days,NA,NA,NA,NA,NA,4,4
338,sign up,5,5,7,6,7,3,NA
338,post-14 days,NA,NA,NA,NA,NA,5,4
339,sign up,3,5,6,7,5,7,NA
339,post-14 days,NA,NA,NA,NA,NA,5,7
340,sign up,5,4,1,4,5,3,NA
340,post-14 days,NA,NA,NA,NA,NA,4,7
341,sign up,3,7,6,6,4,5,NA
341,post-14 days,NA,NA,NA,NA,NA,5,5
342,sign up,4,6,7,4,2,5,NA
342,post-14 days,NA,NA,NA,NA,NA,6,6
343,sign up,5,7,7,7,5,7,NA
343,post-14 days,NA,NA,NA,NA,NA,4,6
344,sign up,4,6,6,5,6,4,NA
344,post-14 days,NA,NA,NA,NA,NA,7,7
345,sign up,2,4,3,5,3,4,NA
345,post-14 days,NA,NA,NA,NA,NA,2,5
346,sign up,5,4,6,5,4,6,NA
346,post-14 days,NA,NA,NA,NA,NA,3,5
347,sign up,6,6,6,7,7,6,NA
347,post-14 days,NA,NA,NA,NA,NA,5,4
348,sign up,6,7,7,6,7,7,NA
348,post-14 days,NA,NA,NA,NA,NA,5,5
349,sign up,6,6,3,7,7,7,NA
349,post-14 days,NA,NA,NA,NA,NA,4,6
350,sign up,2,4,6,4,2,4,NA
350,post-14 days,NA,NA,NA,NA,NA,7,5
351,sign up,5,4,7,7,7,6,NA
351,post-14 days,NA,NA,NA,NA,NA,6,2
352,sign up,3,3,3,4,4,5,NA
352,post-14 days,NA,NA,NA,NA,NA,7,5
353,sign up,4,5,5,4,2,4,NA
353,post-14 days,NA,NA,NA,NA,NA,5,4
354,sign up,5,7,5,6,7,6,NA
354,post-14 days,NA,NA,NA,NA,NA,6,7
355,sign up,5,6,6,5,7,5,NA
355,post-14 days,NA,NA,NA,NA,NA,6,7
356,sign up,3,7,5,7,7,6,NA
356,post-14 days,NA,NA,NA,NA,NA,6,4
357,sign up,6,7,7,4,4,6,NA
357,post-14 days,NA,NA,NA,NA,NA,5,3
358,sign up,1,4,3,4,5,6,NA
358,post-14 days,NA,NA,NA,NA,NA,3,5
359,sign up,4,5,2,4,1,4,NA
359,post-14 days,NA,NA,NA,NA,NA,6,6
360,sign up,3,6,7,3,1,6,NA
360,post-14 days,NA,NA,NA,NA,NA,2,4
361,sign up,3,7,7,7,7,6,NA
361,post-14 days,NA,NA,NA,NA,NA,4,7
362,sign up,3,5,4,6,7,6,NA
362,post-14 days,NA,NA,NA,NA,NA,7,6
363,sign up,4,4,2,6,4,6,NA
363,post-14 days,NA,NA,NA,NA,NA,7,7
364,sign up,6,7,7,7,7,7,NA
364,post-14 days,NA,NA,NA,NA,NA,5,4
365,sign up,5,6,5,5,7,7,NA
365,post-14 days,NA,NA,NA,NA,NA,4,7
366,sign up,4,7,4,4,4,6,NA
366,post-14 days,NA,NA,NA,NA,NA,4,5
367,sign up,6,5,5,6,7,7,NA
367,post-14 days,NA,NA,NA,NA,NA,7,5
368,sign up,5,5,4,7,7,7,NA
368,post-14 days,NA,NA,NA,NA,NA,5,4
369,sign up,6,6,7,7,7,7,NA
369,post-14 days,NA,NA,NA,NA,NA,6,4
370,sign up,4,5,7,4,5,6,NA
370,post-14 days,NA,NA,NA,NA,NA,7,4
371,sign up,5,6,4,5,7,5,NA
371,post-14 days,NA,NA,NA,NA,NA,2,2
372,sign up,4,4,6,6,4,4,NA
372,post-14 days,NA,NA,NA,NA,NA,6,4
373,sign up,5,5,7,6,4,5,NA
373,post-14 days,NA,NA,NA,NA,NA,7,7
374,sign up,4,6,7,5,7,6,NA
374,post-14 days,NA,NA,NA,NA,NA,4,7
375,sign up,4,4,2,5,6,7,NA
375,post-14 days,NA,NA,NA,NA,NA,6,7
376,sign up,4,7,4,3,2,7,NA
376,post-14 days,NA,NA,NA,NA,NA,6,6
377,sign up,3,5,4,4,2,4,NA
377,post-14 days,NA,NA,NA,NA,NA,4,2
378,sign up,5,4,6,7,7,7,NA
378,post-14 days,NA,NA,NA,NA,NA,5,7
379,sign up,6,7,4,7,7,7,NA
379,post-14 days,NA,NA,NA,NA,NA,3,4
380,sign up,6,7,6,7,6,4,NA
380,post-14 days,NA,NA,NA,NA,NA,2,5
381,sign up,4,6,5,4,2,6,NA
381,post-14 days,NA,NA,NA,NA,NA,5,4
382,sign up,6,6,7,6,7,5,NA
382,post-14 days,NA,NA,NA,NA,NA,5,6
383,sign up,5,6,3,7,7,3,NA
383,post-14 days,NA,NA,NA,NA,NA,5,6
384,sign up,3,6,7,3,4,5,NA
384,post-14 days,NA,NA,NA,NA,NA,6,7
385,sign up,6,6,7,7,4,7,NA
385,post-14 days,NA,NA,NA,NA,NA,4,6
386,sign up,2,3,3,2,3,4,NA
386,post-14 days,NA,NA,NA,NA,NA,4,3
387,sign up,5,6,3,7,7,6,NA
387,post-14 days,NA,NA,NA,NA,NA,7,4
388,sign up,4,5,5,4,3,5,NA
388,post-14 days,NA,NA,NA,NA,NA,4,5
389,sign up,3,7,7,5,7,6,NA
389,post-14 days,NA,NA,NA,NA,NA,7,7
390,sign up,4,6,7,7,5,6,NA
390,post-14 days,NA,NA,NA,NA,NA,7,4
391,sign up,6,7,7,7,5,7,NA
391,post-14 days,NA,NA,NA,NA,NA,6,7
392,sign up,6,6,3,6,3,7,NA
392,post-14 days,NA,NA,NA,NA,NA,4,4
393,sign up,5,5,2,3,5,5,NA
393,post-14 days,NA,NA,NA,NA,NA,7,7
394,sign up,4,6,5,3,3,5,NA
394,post-14 days,NA,NA,NA,NA,NA,5,3
395,sign up,5,5,7,5,3,4,NA
395,post-14 days,NA,NA,NA,NA,NA,4,7
396,sign up,3,5,7,6,4,7,NA
396,post-14 days,NA,NA,NA,NA,NA,4,2
397,sign up,3,6,4,6,3,5,NA
397,post-14 days,NA,NA,NA,NA,NA,6,5
398,sign up,2,3,4,4,3,5,NA
398,post-14 days,NA,NA,NA,NA,NA,3,7
399,sign up,5,3,3,7,5,4,NA
399,post-14 days,NA,NA,NA,NA,NA,6,4
400,sign up,5,7,7,5,6,7,NA
400,post-14 days,NA,NA,NA,NA,NA,5,4
401,sign up,6,4,4,4,4,5,NA
401,post-14 days,NA,NA,NA,NA,NA,5,5
402,sign up,6,5,6,4,6,5,NA
402,post-14 days,NA,NA,NA,NA,NA,5,7
403,sign up,3,5,7,4,3,6,NA
403,post-14 days,NA,NA,NA,NA,NA,5,4
404,sign up,6,6,3,5,5,7,NA
404,post-14 days,NA,NA,NA,NA,NA,5,5
405,sign up,3,6,4,6,7,5,NA
405,post-14 days,NA,NA,NA,NA,NA,5,7
406,sign up,6,5,2,7,7,4,NA
406,post-14 days,NA,NA,NA,NA,NA,7,7
407,sign up,4,4,4,6,4,6,NA
407,post-14 days,NA,NA,NA,NA,NA,7,5
408,sign up,5,3,1,4,1,5,NA
408,post-14 days,NA,NA,NA,NA,NA,5,3
409,sign up,3,7,4,6,7,4,NA
409,post-14 days,NA,NA,NA,NA,NA,6,4
410,sign up,6,5,5,7,5,7,NA
410,post-14 days,NA,NA,NA,NA,NA,5,5
411,sign up,5,7,7,4,6,5,NA
411,post-14 days,NA,NA,NA,NA,NA,1,5
412,sign up,3,4,5,7,7,7,NA
412,post-14 days,NA,NA,NA,NA,NA,5,6
413,sign up,3,7,5,6,4,7,NA
413,post-14 days,NA,NA,NA,NA,NA,5,6
414,sign up,5,5,2,7,6,7,NA
414,post-14 days,NA,NA,NA,NA,NA,6,6
415,sign up,5,4,3,3,3,6,NA
415,post-14 days,NA,NA,NA,NA,NA,5,4
416,sign up,5,5,7,4,5,5,NA
416,post-14 days,NA,NA,NA,NA,NA,4,7
417,sign up,5,4,6,5,4,5,NA
417,post-14 days,NA,NA,NA,NA,NA,7,7
418,sign up,6,7,6,7,7,7,NA
418,post-14 days,NA,NA,NA,NA,NA,5,6
419,sign up,4,7,7,6,7,7,NA
419,post-14 days,NA,NA,NA,NA,NA,5,5
420,sign up,4,2,3,4,6,3,NA
420,post-14 days,NA,NA,NA,NA,NA,5,5
421,sign up,4,7,5,6,7,4,NA
421,post-14 days,NA,NA,NA,NA,NA,7,7
422,sign up,5,6,6,5,3,7,NA
422,post-14 days,NA,NA,NA,NA,NA,4,4
423,sign up,6,7,6,6,3,7,NA
423,post-14 days,NA,NA,NA,NA,NA,7,7
424,sign up,4,7,6,5,5,5,NA
424,post-14 days,NA,NA,NA,NA,NA,6,4
425,sign up,5,7,6,4,5,5,NA
425,post-14 days,NA,NA,NA,NA,NA,4,4
426,sign up,4,6,6,7,6,5,NA
426,post-14 days,NA,NA,NA,NA,NA,3,3
427,sign up,4,6,7,6,7,6,NA
427,post-14 days,NA,NA,NA,NA,NA,5,4
428,sign up,3,6,7,4,1,5,NA
428,post-14 days,NA,NA,NA,NA,NA,7,7
429,sign up,5,6,3,5,5,6,NA
429,post-14 days,NA,NA,NA,NA,NA,3,5
430,sign up,4,4,7,5,3,4,NA
430,post-14 days,NA,NA,NA,NA,NA,6,5
431,sign up,6,6,5,5,7,7,NA
431,post-14 days,NA,NA,NA,NA,NA,5,6
432,sign up,4,5,3,6,6,7,NA
432,post-14 days,NA,NA,NA,NA,NA,7,6
433,sign up,2,4,1,5,2,4,NA
433,post-14 days,NA,NA,NA,NA,NA,7,5
434,sign up,5,6,7,7,7,6,NA
434,post-14 days,NA,NA,NA,NA,NA,5,7
435,sign up,2,4,6,4,2,4,NA
435,post-14 days,NA,NA,NA,NA,NA,5,4
436,sign up,5,7,7,3,6,6,NA
436,post-14 days,NA,NA,NA,NA,NA,6,4
437,sign up,6,6,5,7,5,7,NA
437,post-14 days,NA,NA,NA,NA,NA,5,4
438,sign up,2,7,6,7,7,5,NA
438,post-14 days,NA,NA,NA,NA,NA,5,6
439,sign up,4,6,7,6,5,6,NA
439,post-14 days,NA,NA,NA,NA,NA,7,5
440,sign up,1,5,4,6,7,5,NA
440,post-14 days,NA,NA,NA,NA,NA,7,7
441,sign up,1,2,3,4,3,5,NA
441,post-14 days,NA,NA,NA,NA,NA,4,4
442,sign up,4,6,7,6,5,5,NA
442,post-14 days,NA,NA,NA,NA,NA,7,6
443,sign up,2,6,6,5,4,4,NA
443,post-14 days,NA,NA,NA,NA,NA,4,3
444,sign up,1,2,2,4,6,4,NA
444,post-14 days,NA,NA,NA,NA,NA,5,4
445,sign up,4,5,4,4,6,6,NA
445,post-14 days,NA,NA,NA,NA,NA,5,5
446,sign up,3,2,1,1,4,5,NA
446,post-14 days,NA,NA,NA,NA,NA,5,7
447,sign up,6,6,7,5,6,6,NA
447,post-14 days,NA,NA,NA,NA,NA,5,6
448,sign up,5,4,4,6,6,4,NA
448,post-14 days,NA,NA,NA,NA,NA,7,5
449,sign up,2,2,1,5,2,5,NA
449,post-14 days,NA,NA,NA,NA,NA,5,5
450,sign up,3,6,5,7,4,7,NA
450,post-14 days,NA,NA,NA,NA,NA,4,3
451,sign up,1,5,4,2,4,4,NA
451,post-14 days,NA,NA,NA,NA,NA,5,4
452,sign up,3,5,2,4,2,5,NA
452,post-14 days,NA,NA,NA,NA,NA,6,7
453,sign up,5,6,6,2,1,4,NA
453,post-14 days,NA,NA,NA,NA,NA,2,4
454,sign up,5,6,7,5,7,5,NA
454,post-14 days,NA,NA,NA,NA,NA,1,4
455,sign up,3,7,7,5,2,6,NA
455,post-14 days,NA,NA,NA,NA,NA,4,3
456,sign up,3,5,4,6,6,7,NA
456,post-14 days,NA,NA,NA,NA,NA,4,5
457,sign up,5,6,7,5,2,5,NA
457,post-14 days,NA,NA,NA,NA,NA,3,4
458,sign up,2,5,7,3,4,3,NA
458,post-14 days,NA,NA,NA,NA,NA,7,7
459,sign up,4,7,7,5,6,4,NA
459,post-14 days,NA,NA,NA,NA,NA,5,6
460,sign up,6,5,2,7,5,4,NA
460,post-14 days,NA,NA,NA,NA,NA,4,1
461,sign up,2,5,2,5,4,7,NA
461,post-14 days,NA,NA,NA,NA,NA,7,5
462,sign up,4,5,6,6,7,4,NA
462,post-14 days,NA,NA,NA,NA,NA,4,4
463,sign up,6,7,7,5,7,6,NA
463,post-14 days,NA,NA,NA,NA,NA,4,5
464,sign up,6,7,7,7,7,7,NA
464,post-14 days,NA,NA,NA,NA,NA,6,5
465,sign up,3,7,6,5,6,5,NA
465,post-14 days,NA,NA,NA,NA,NA,3,5
466,sign up,2,6,3,5,7,6,NA
466,post-14 days,NA,NA,NA,NA,NA,5,6
467,sign up,6,7,7,7,7,6,NA
467,post-14 days,NA,NA,NA,NA,NA,5,7
468,sign up,3,5,7,4,5,1,NA
468,post-14 days,NA,NA,NA,NA,NA,4,5
469,sign up,4,5,7,6,7,7,NA
469,post-14 days,NA,NA,NA,NA,NA,7,7
470,sign up,6,7,7,7,7,7,NA
470,post-14 days,NA,NA,NA,NA,NA,7,4
471,sign up,3,5,4,3,1,6,NA
471,post-14 days,NA,NA,NA,NA,NA,4,4
472,sign up,6,6,3,5,3,7,NA
472,post-14 days,NA,NA,NA,NA,NA,7,6
473,sign up,3,3,2,5,7,6,NA
473,post-14 days,NA,NA,NA,NA,NA,7,7
474,sign up,4,3,3,3,2,3,NA
474,post-14 days,NA,NA,NA,NA,NA,6,6
475,sign up,5,7,4,6,4,6,NA
475,post-14 days,NA,NA,NA,NA,NA,4,2
476,sign up,4,4,4,4,1,6,NA
476,post-14 days,NA,NA,NA,NA,NA,4,6
477,sign up,4,3,5,6,7,6,NA
477,post-14 days,NA,NA,NA,NA,NA,6,6
478,sign up,3,3,6,2,1,4,NA
478,post-14 days,NA,NA,NA,NA,NA,7,6
479,sign up,6,7,6,7,6,7,NA
479,post-14 days,NA,NA,NA,NA,NA,6,4
480,sign up,2,4,6,4,3,5,NA
480,post-14 days,NA,NA,NA,NA,NA,6,7
481,sign up,4,5,7,4,3,4,NA
481,post-14 days,NA,NA,NA,NA,NA,7,7
482,sign up,4,4,5,7,5,7,NA
482,post-14 days,NA,NA,NA,NA,NA,3,4
483,sign up,5,5,4,6,7,4,NA
483,post-14 days,NA,NA,NA,NA,NA,4,7
484,sign up,4,6,7,4,2,6,NA
484,post-14 days,NA,NA,NA,NA,NA,7,7
485,sign up,4,5,4,4,3,6,NA
485,post-14 days,NA,NA,NA,NA,NA,4,5
486,sign up,1,4,4,3,6,6,NA
486,post-14 days,NA,NA,NA,NA,NA,6,7
487,sign up,4,4,4,3,4,1,NA
487,post-14 days,NA,NA,NA,NA,NA,6,4
488,sign up,5,5,7,6,4,5,NA
488,post-14 days,NA,NA,NA,NA,NA,5,4
489,sign up,6,7,5,7,6,6,NA
489,post-14 days,NA,NA,NA,NA,NA,7,7
490,sign up,4,5,7,3,4,5,NA
490,post-14 days,NA,NA,NA,NA,NA,4,5
491,sign up,2,6,5,2,2,5,NA
491,post-14 days,NA,NA,NA,NA,NA,4,4
492,sign up,3,4,6,7,7,7,NA
492,post-14 days,NA,NA,NA,NA,NA,7,7
493,sign up,6,5,7,6,7,7,NA
493,post-14 days,NA,NA,NA,NA,NA,2,4
494,sign up,6,5,7,6,6,7,NA
494,post-14 days,NA,NA,NA,NA,NA,3,7
495,sign up,6,6,4,7,7,6,NA
495,post-14 days,NA,NA,NA,NA,NA,5,6
496,sign up,4,4,4,5,4,5,NA
496,post-14 days,NA,NA,NA,NA,NA,3,4
497,sign up,4,6,5,7,6,3,NA
497,post-14 days,NA,NA,NA,NA,NA,7,5
498,sign up,4,6,5,3,4,5,NA
498,post-14 days,NA,NA,NA,NA,NA,4,3
499,sign up,6,7,7,7,7,7,NA
499,post-14 days,NA,NA,NA,NA,NA,7,6
500,sign up,6,7,7,7,7,7,NA
500,post-14 days,NA,NA,NA,NA,NA,7,6
501,sign up,4,7,7,7,6,5,NA
501,post-14 days,NA,NA,NA,NA,NA,7,5
502,sign up,3,6,4,7,7,5,NA
502,post-14 days,NA,NA,NA,NA,NA,6,7
503,sign up,6,5,7,7,7,5,NA
503,post-14 days,NA,NA,NA,NA,NA,6,5
504,sign up,4,5,7,6,4,7,NA
504,post-14 days,NA,NA,NA,NA,NA,7,7
505,sign up,4,6,6,5,3,7,NA
505,post-14 days,NA,NA,NA,NA,NA,6,4
506,sign up,3,6,7,4,2,5,NA
506,post-14 days,NA,NA,NA,NA,NA,6,6
507,sign up,4,6,6,6,3,7,NA
507,post-14 days,NA,NA,NA,NA,NA,4,5
508,sign up,5,7,7,6,5,7,NA
508,post-14 days,NA,NA,NA,NA,NA,6,3
509,sign up,5,7,4,7,7,5,NA
509,post-14 days,NA,NA,NA,NA,NA,6,6
510,sign up,5,6,6,5,2,6,NA
510,post-14 days,NA,NA,NA,NA,NA,4,6
511,sign up,6,7,4,7,7,7,NA
511,post-14 days,NA,NA,NA,NA,NA,6,6
512,sign up,2,5,5,2,3,3,NA
512,post-14 days,NA,NA,NA,NA,NA,4,5
513,sign up,6,5,2,7,7,7,NA
513,post-14 days,NA,NA,NA,NA,NA,7,6
514,sign up,5,4,1,5,5,4,NA
514,post-14 days,NA,NA,NA,NA,NA,5,6
515,sign up,4,4,5,5,7,7,NA
515,post-14 days,NA,NA,NA,NA,NA,6,7
516,sign up,4,6,7,7,4,6,NA
516,post-14 days,NA,NA,NA,NA,NA,6,5
517,sign up,6,6,7,6,4,6,NA
517,post-14 days,NA,NA,NA,NA,NA,7,5
518,sign up,5,6,4,6,5,7,NA
518,post-14 days,NA,NA,NA,NA,NA,6,6
519,sign up,3,7,5,3,6,7,NA
519,post-14 days,NA,NA,NA,NA,NA,5,6
520,sign up,3,5,4,5,7,5,NA
520,post-14 days,NA,NA,NA,NA,NA,7,5
521,sign up,6,7,4,7,5,7,NA
521,post-14 days,NA,NA,NA,NA,NA,4,7
522,sign up,4,5,2,4,1,5,NA
522,post-14 days,NA,NA,NA,NA,NA,6,3
523,sign up,3,5,7,4,1,7,NA
523,post-14 days,NA,NA,NA,NA,NA,5,7
524,sign up,4,7,7,6,7,6,NA
524,post-14 days,NA,NA,NA,NA,NA,4,5
525,sign up,2,6,5,7,7,5,NA
525,post-14 days,NA,NA,NA,NA,NA,6,4
526,sign up,2,5,5,5,3,6,NA
526,post-14 days,NA,NA,NA,NA,NA,1,2
527,sign up,3,6,3,5,4,5,NA
527,post-14 days,NA,NA,NA,NA,NA,6,7
528,sign up,4,3,4,3,2,5,NA
528,post-14 days,NA,NA,NA,NA,NA,4,5
529,sign up,4,5,7,3,1,5,NA
529,post-14 days,NA,NA,NA,NA,NA,4,4
530,sign up,5,4,5,6,7,6,NA
530,post-14 days,NA,NA,NA,NA,NA,7,7
531,sign up,5,6,5,4,3,4,NA
531,post-14 days,NA,NA,NA,NA,NA,7,5
532,sign up,4,7,7,6,7,7,NA
532,post-14 days,NA,NA,NA,NA,NA,6,5
533,sign up,4,7,4,7,7,6,NA
533,post-14 days,NA,NA,NA,NA,NA,7,7
534,sign up,3,3,5,4,6,4,NA
534,post-14 days,NA,NA,NA,NA,NA,5,6
535,sign up,5,7,7,7,7,7,NA
535,post-14 days,NA,NA,NA,NA,NA,5,6
536,sign up,4,5,3,6,5,4,NA
536,post-14 days,NA,NA,NA,NA,NA,5,6
537,sign up,5,7,5,6,4,5,NA
537,post-14 days,NA,NA,NA,NA,NA,6,5
538,sign up,4,6,5,7,4,6,NA
538,post-14 days,NA,NA,NA,NA,NA,3,3
539,sign up,4,5,2,5,6,4,NA
539,post-14 days,NA,NA,NA,NA,NA,4,5
540,sign up,6,5,2,4,2,3,NA
540,post-14 days,NA,NA,NA,NA,NA,7,7
541,sign up,4,4,6,5,2,5,NA
541,post-14 days,NA,NA,NA,NA,NA,6,6
542,sign up,4,6,7,7,5,4,NA
542,post-14 days,NA,NA,NA,NA,NA,3,4
543,sign up,3,3,6,1,4,4,NA
543,post-14 days,NA,NA,NA,NA,NA,4,3
544,sign up,4,6,5,7,6,6,NA
544,post-14 days,NA,NA,NA,NA,NA,6,3
545,sign up,2,6,3,6,6,5,NA
545,post-14 days,NA,NA,NA,NA,NA,5,5
546,sign up,5,5,5,7,6,5,NA
546,post-14 days,NA,NA,NA,NA,NA,7,7
547,sign up,4,5,2,5,4,6,NA
547,post-14 days,NA,NA,NA,NA,NA,6,7
548,sign up,6,7,6,4,5,5,NA
548,post-14 days,NA,NA,NA,NA,NA,3,7
549,sign up,5,5,5,3,6,3,NA
549,post-14 days,NA,NA,NA,NA,NA,6,5
550,sign up,4,6,6,7,5,4,NA
550,post-14 days,NA,NA,NA,NA,NA,5,7
551,sign up,6,6,5,7,7,6,NA
551,post-14 days,NA,NA,NA,NA,NA,6,6
552,sign up,4,1,1,4,4,6,NA
552,post-14 days,NA,NA,NA,NA,NA,3,3
553,sign up,4,3,1,3,3,1,NA
553,post-14 days,NA,NA,NA,NA,NA,7,4
554,sign up,4,6,4,4,7,7,NA
554,post-14 days,NA,NA,NA,NA,NA,6,6
555,sign up,5,6,7,5,2,6,NA
555,post-14 days,NA,NA,NA,NA,NA,4,4
556,sign up,5,5,3,2,3,5,NA
556,post-14 days,NA,NA,NA,NA,NA,7,6
557,sign up,2,4,4,4,3,3,NA
557,post-14 days,NA,NA,NA,NA,NA,5,5
558,sign up,3,7,6,4,3,6,NA
558,post-14 days,NA,NA,NA,NA,NA,3,7
559,sign up,5,7,7,6,6,7,NA
559,post-14 days,NA,NA,NA,NA,NA,5,5
560,sign up,5,6,7,6,4,6,NA
560,post-14 days,NA,NA,NA,NA,NA,7,6
561,sign up,2,4,5,2,1,6,NA
561,post-14 days,NA,NA,NA,NA,NA,5,5
562,sign up,3,3,1,4,4,4,NA
562,post-14 days,NA,NA,NA,NA,NA,6,6
563,sign up,4,6,3,7,5,5,NA
563,post-14 days,NA,NA,NA,NA,NA,6,6
564,sign up,5,3,2,2,5,4,NA
564,post-14 days,NA,NA,NA,NA,NA,3,4
565,sign up,5,6,7,7,7,6,NA
565,post-14 days,NA,NA,NA,NA,NA,7,7
566,sign up,2,3,1,4,6,5,NA
566,post-14 days,NA,NA,NA,NA,NA,4,2
567,sign up,5,5,2,5,7,6,NA
567,post-14 days,NA,NA,NA,NA,NA,5,6
568,sign up,6,6,5,7,4,7,NA
568,post-14 days,NA,NA,NA,NA,NA,5,4
569,sign up,4,7,4,6,7,7,NA
569,post-14 days,NA,NA,NA,NA,NA,7,3
570,sign up,6,7,4,7,6,7,NA
570,post-14 days,NA,NA,NA,NA,NA,6,5
571,sign up,3,7,7,7,6,6,NA
571,post-14 days,NA,NA,NA,NA,NA,5,5
572,sign up,6,5,4,5,5,6,NA
572,post-14 days,NA,NA,NA,NA,NA,7,4
573,sign up,6,7,7,6,5,4,NA
573,post-14 days,NA,NA,NA,NA,NA,6,5
574,sign up,2,4,1,4,2,5,NA
574,post-14 days,NA,NA,NA,NA,NA,3,5
575,sign up,6,6,6,6,7,7,NA
575,post-14 days,NA,NA,NA,NA,NA,7,6
576,sign up,4,4,3,4,4,4,NA
576,post-14 days,NA,NA,NA,NA,NA,6,7
577,sign up,5,4,5,2,1,5,NA
577,post-14 days,NA,NA,NA,NA,NA,6,7
578,sign up,3,4,2,4,2,4,NA
578,post-14 days,NA,NA,NA,NA,NA,5,4
579,sign up,4,4,2,5,3,3,NA
579,post-14 days,NA,NA,NA,NA,NA,6,6
580,sign up,5,6,7,7,7,5,NA
580,post-14 days,NA,NA,NA,NA,NA,6,6
581,sign up,3,6,5,4,4,5,NA
581,post-14 days,NA,NA,NA,NA,NA,5,5
582,sign up,5,7,4,7,4,7,NA
582,post-14 days,NA,NA,NA,NA,NA,7,6
583,sign up,4,5,7,4,7,4,NA
583,post-14 days,NA,NA,NA,NA,NA,5,7
584,sign up,3,5,3,1,1,5,NA
584,post-14 days,NA,NA,NA,NA,NA,7,6
585,sign up,4,6,7,7,7,5,NA
585,post-14 days,NA,NA,NA,NA,NA,6,3
586,sign up,6,7,7,6,6,6,NA
586,post-14 days,NA,NA,NA,NA,NA,5,4
587,sign up,6,7,7,6,3,4,NA
587,post-14 days,NA,NA,NA,NA,NA,4,5
588,sign up,6,6,5,7,7,7,NA
588,post-14 days,NA,NA,NA,NA,NA,7,6
589,sign up,5,4,7,2,1,2,NA
589,post-14 days,NA,NA,NA,NA,NA,5,5
590,sign up,4,5,2,5,4,6,NA
590,post-14 days,NA,NA,NA,NA,NA,5,5
591,sign up,6,7,6,6,5,7,NA
591,post-14 days,NA,NA,NA,NA,NA,5,4
592,sign up,5,7,7,6,4,6,NA
592,post-14 days,NA,NA,NA,NA,NA,7,6
593,sign up,6,5,2,7,7,6,NA
593,post-14 days,NA,NA,NA,NA,NA,6,6
594,sign up,3,5,3,6,5,6,NA
594,post-14 days,NA,NA,NA,NA,NA,3,5
595,sign up,2,6,7,6,3,5,NA
595,post-14 days,NA,NA,NA,NA,NA,7,7
596,sign up,6,6,5,7,5,7,NA
596,post-14 days,NA,NA,NA,NA,NA,4,5
597,sign up,6,6,3,7,5,6,NA
597,post-14 days,NA,NA,NA,NA,NA,5,5
598,sign up,3,7,6,5,5,5,NA
598,post-14 days,NA,NA,NA,NA,NA,5,6
599,sign up,6,7,7,6,7,6,NA
599,post-14 days,NA,NA,NA,NA,NA,4,5
600,sign up,3,6,5,5,3,5,NA
600,post-14 days,NA,NA,NA,NA,NA,6,3
601,sign up,5,5,7,5,6,6,NA
601,post-14 days,NA,NA,NA,NA,NA,5,7
602,sign up,4,6,7,4,2,3,NA
602,post-14 days,NA,NA,NA,NA,NA,6,5
603,sign up,4,6,4,3,4,3,NA
603,post-14 days,NA,NA,NA,NA,NA,5,3
604,sign up,3,3,5,6,6,3,NA
604,post-14 days,NA,NA,NA,NA,NA,4,6
605,sign up,2,3,3,6,6,4,NA
605,post-14 days,NA,NA,NA,NA,NA,5,4
606,sign up,6,4,1,5,2,5,NA
606,post-14 days,NA,NA,NA,NA,NA,6,5
607,sign up,4,4,1,4,5,4,NA
607,post-14 days,NA,NA,NA,NA,NA,4,5
608,sign up,6,6,7,5,7,6,NA
608,post-14 days,NA,NA,NA,NA,NA,4,4
609,sign up,5,6,4,5,4,7,NA
609,post-14 days,NA,NA,NA,NA,NA,5,4
610,sign up,5,6,4,6,7,6,NA
610,post-14 days,NA,NA,NA,NA,NA,5,6
611,sign up,4,6,5,6,4,6,NA
611,post-14 days,NA,NA,NA,NA,NA,6,7
612,sign up,4,2,4,3,4,3,NA
612,post-14 days,NA,NA,NA,NA,NA,7,7
613,sign up,6,5,3,7,7,5,NA
613,post-14 days,NA,NA,NA,NA,NA,5,2
614,sign up,1,6,6,4,2,3,NA
614,post-14 days,NA,NA,NA,NA,NA,7,7
615,sign up,2,4,6,4,5,6,NA
615,post-14 days,NA,NA,NA,NA,NA,7,7
616,sign up,5,3,4,6,5,4,NA
616,post-14 days,NA,NA,NA,NA,NA,4,4
617,sign up,4,5,4,4,4,6,NA
617,post-14 days,NA,NA,NA,NA,NA,6,2
618,sign up,6,5,4,6,4,7,NA
618,post-14 days,NA,NA,NA,NA,NA,7,7
619,sign up,6,5,4,4,5,5,NA
619,post-14 days,NA,NA,NA,NA,NA,6,4
620,sign up,4,7,5,4,5,5,NA
620,post-14 days,NA,NA,NA,NA,NA,6,5
621,sign up,5,6,5,5,7,5,NA
621,post-14 days,NA,NA,NA,NA,NA,4,4
622,sign up,2,5,4,7,4,6,NA
622,post-14 days,NA,NA,NA,NA,NA,6,5
623,sign up,4,5,5,6,7,6,NA
623,post-14 days,NA,NA,NA,NA,NA,5,7
624,sign up,6,6,4,5,4,5,NA
624,post-14 days,NA,NA,NA,NA,NA,7,4
625,sign up,4,6,7,5,3,7,NA
625,post-14 days,NA,NA,NA,NA,NA,6,6
626,sign up,5,6,5,5,4,6,NA
626,post-14 days,NA,NA,NA,NA,NA,4,3
627,sign up,5,5,7,4,1,3,NA
627,post-14 days,NA,NA,NA,NA,NA,6,7
628,sign up,6,7,7,7,7,7,NA
628,post-14 days,NA,NA,NA,NA,NA,7,7
629,sign up,6,7,7,7,7,7,NA
629,post-14 days,NA,NA,NA,NA,NA,6,5
630,sign up,6,7,6,6,7,6,NA
630,post-14 days,NA,NA,NA,NA,NA,4,3
631,sign up,3,7,7,5,6,7,NA
631,post-14 days,NA,NA,NA,NA,NA,6,6
632,sign up,6,5,2,6,7,7,NA
632,post-14 days,NA,NA,NA,NA,NA,5,5
633,sign up,4,5,4,5,5,6,NA
633,post-14 days,NA,NA,NA,NA,NA,6,6
634,sign up,5,6,4,4,6,4,NA
634,post-14 days,NA,NA,NA,NA,NA,4,4
635,sign up,6,6,7,7,5,7,NA
635,post-14 days,NA,NA,NA,NA,NA,7,6
636,sign up,3,6,3,7,6,7,NA
636,post-14 days,NA,NA,NA,NA,NA,3,6
637,sign up,3,5,7,4,2,5,NA
637,post-14 days,NA,NA,NA,NA,NA,5,5
638,sign up,3,6,6,5,6,6,NA
638,post-14 days,NA,NA,NA,NA,NA,4,4
639,sign up,5,4,6,4,2,6,NA
639,post-14 days,NA,NA,NA,NA,NA,4,5
640,sign up,3,5,7,5,6,7,NA
640,post-14 days,NA,NA,NA,NA,NA,7,5
641,sign up,5,6,6,4,6,7,NA
641,post-14 days,NA,NA,NA,NA,NA,5,5
642,sign up,5,6,3,7,6,7,NA
642,post-14 days,NA,NA,NA,NA,NA,4,4
643,sign up,6,7,7,6,7,7,NA
643,post-14 days,NA,NA,NA,NA,NA,6,4
644,sign up,5,7,7,4,2,4,NA
644,post-14 days,NA,NA,NA,NA,NA,6,6
645,sign up,2,4,4,7,7,5,NA
645,post-14 days,NA,NA,NA,NA,NA,6,6
646,sign up,4,6,7,4,6,5,NA
646,post-14 days,NA,NA,NA,NA,NA,2,5
647,sign up,3,5,3,4,2,5,NA
647,post-14 days,NA,NA,NA,NA,NA,6,7
648,sign up,4,4,6,4,6,4,NA
648,post-14 days,NA,NA,NA,NA,NA,5,6
649,sign up,5,7,7,5,2,7,NA
649,post-14 days,NA,NA,NA,NA,NA,7,5
650,sign up,4,6,3,3,1,6,NA
650,post-14 days,NA,NA,NA,NA,NA,7,7
651,sign up,4,4,6,6,7,5,NA
651,post-14 days,NA,NA,NA,NA,NA,2,2
652,sign up,6,5,3,7,7,7,NA
652,post-14 days,NA,NA,NA,NA,NA,5,6
653,sign up,4,6,3,4,3,7,NA
653,post-14 days,NA,NA,NA,NA,NA,5,5
654,sign up,4,7,6,7,4,5,NA
654,post-14 days,NA,NA,NA,NA,NA,5,6
655,sign up,3,5,3,3,3,5,NA
655,post-14 days,NA,NA,NA,NA,NA,7,4
656,sign up,4,6,3,7,7,6,NA
656,post-14 days,NA,NA,NA,NA,NA,7,7
657,sign up,6,7,6,7,7,7,NA
657,post-14 days,NA,NA,NA,NA,NA,5,5
658,sign up,5,7,6,7,4,5,NA
658,post-14 days,NA,NA,NA,NA,NA,5,6
659,sign up,5,4,5,7,6,6,NA
659,post-14 days,NA,NA,NA,NA,NA,7,4
660,sign up,3,5,7,6,4,5,NA
660,post-14 days,NA,NA,NA,NA,NA,4,3
661,sign up,4,5,7,4,1,6,NA
661,post-14 days,NA,NA,NA,NA,NA,6,4
662,sign up,6,3,6,4,6,4,NA
662,post-14 days,NA,NA,NA,NA,NA,6,4
663,sign up,6,7,4,7,7,6,NA
663,post-14 days,NA,NA,NA,NA,NA,6,6
664,sign up,5,6,4,7,7,6,NA
664,post-14 days,NA,NA,NA,NA,NA,5,7
665,sign up,5,5,7,7,7,3,NA
665,post-14 days,NA,NA,NA,NA,NA,7,7
666,sign up,6,6,7,4,2,5,NA
666,post-14 days,NA,NA,NA,NA,NA,5,6
667,sign up,5,7,6,7,7,7,NA
667,post-14 days,NA,NA,NA,NA,NA,5,3
668,sign up,3,4,3,5,7,5,NA
668,post-14 days,NA,NA,NA,NA,NA,7,6
669,sign up,4,7,7,5,3,7,NA
669,post-14 days,NA,NA,NA,NA,NA,7,5
670,sign up,6,6,6,5,5,6,NA
670,post-14 days,NA,NA,NA,NA,NA,6,4
671,sign up,2,4,3,7,6,4,NA
671,post-14 days,NA,NA,NA,NA,NA,6,7
672,sign up,4,6,6,7,4,7,NA
672,post-14 days,NA,NA,NA,NA,NA,5,7
673,sign up,6,4,1,6,6,4,NA
673,post-14 days,NA,NA,NA,NA,NA,3,3
674,sign up,4,5,6,1,1,3,NA
674,post-14 days,NA,NA,NA,NA,NA,5,5
675,sign up,3,4,4,3,4,4,NA
675,post-14 days,NA,NA,NA,NA,NA,4,4
676,sign up,6,3,2,6,5,5,NA
676,post-14 days,NA,NA,NA,NA,NA,3,1
677,sign up,3,2,4,5,3,4,NA
677,post-14 days,NA,NA,NA,NA,NA,5,3
678,sign up,6,6,7,4,4,7,NA
678,post-14 days,NA,NA,NA,NA,NA,4,3
679,sign up,6,6,6,6,7,7,NA
679,post-14 days,NA,NA,NA,NA,NA,4,6
680,sign up,6,5,7,4,4,6,NA
680,post-14 days,NA,NA,NA,NA,NA,5,5
681,sign up,4,3,2,4,5,7,NA
681,post-14 days,NA,NA,NA,NA,NA,4,4
682,sign up,1,5,2,4,6,4,NA
682,post-14 days,NA,NA,NA,NA,NA,5,4
683,sign up,4,4,5,6,6,5,NA
683,post-14 days,NA,NA,NA,NA,NA,5,6
684,sign up,5,5,4,6,7,5,NA
684,post-14 days,NA,NA,NA,NA,NA,6,6
685,sign up,5,5,6,5,7,6,NA
685,post-14 days,NA,NA,NA,NA,NA,3,5
686,sign up,4,5,3,6,5,5,NA
686,post-14 days,NA,NA,NA,NA,NA,6,6
687,sign up,6,5,4,7,7,4,NA
687,post-14 days,NA,NA,NA,NA,NA,7,6
688,sign up,6,7,7,7,5,7,NA
688,post-14 days,NA,NA,NA,NA,NA,7,5
689,sign up,3,6,7,3,1,6,NA
689,post-14 days,NA,NA,NA,NA,NA,4,3
690,sign up,5,3,5,3,1,6,NA
690,post-14 days,NA,NA,NA,NA,NA,2,2
691,sign up,6,5,6,5,7,7,NA
691,post-14 days,NA,NA,NA,NA,NA,4,5
692,sign up,6,6,5,6,6,6,NA
692,post-14 days,NA,NA,NA,NA,NA,4,5
693,sign up,2,2,1,6,3,5,NA
693,post-14 days,NA,NA,NA,NA,NA,5,7
694,sign up,6,6,7,7,7,6,NA
694,post-14 days,NA,NA,NA,NA,NA,7,7
695,sign up,4,5,5,6,4,4,NA
695,post-14 days,NA,NA,NA,NA,NA,6,5
696,sign up,4,5,6,6,7,6,NA
696,post-14 days,NA,NA,NA,NA,NA,5,7
697,sign up,3,7,6,5,3,4,NA
697,post-14 days,NA,NA,NA,NA,NA,5,7
698,sign up,5,3,1,5,4,6,NA
698,post-14 days,NA,NA,NA,NA,NA,4,2
699,sign up,3,5,3,4,6,3,NA
699,post-14 days,NA,NA,NA,NA,NA,6,7
700,sign up,6,6,7,6,7,7,NA
700,post-14 days,NA,NA,NA,NA,NA,5,6
701,sign up,6,7,5,7,4,7,NA
701,post-14 days,NA,NA,NA,NA,NA,5,5
702,sign up,4,5,4,2,4,4,NA
702,post-14 days,NA,NA,NA,NA,NA,5,4
703,sign up,5,5,5,7,4,3,NA
703,post-14 days,NA,NA,NA,NA,NA,5,5
704,sign up,6,7,6,7,6,6,NA
704,post-14 days,NA,NA,NA,NA,NA,7,6
705,sign up,6,4,1,4,4,4,NA
705,post-14 days,NA,NA,NA,NA,NA,6,6
706,sign up,6,6,3,7,6,7,NA
706,post-14 days,NA,NA,NA,NA,NA,6,6
707,sign up,5,5,7,7,7,5,NA
707,post-14 days,NA,NA,NA,NA,NA,7,7
708,sign up,6,4,4,4,3,7,NA
708,post-14 days,NA,NA,NA,NA,NA,7,7
709,sign up,5,6,5,4,3,5,NA
709,post-14 days,NA,NA,NA,NA,NA,7,7
710,sign up,5,4,4,6,6,5,NA
710,post-14 days,NA,NA,NA,NA,NA,6,7
711,sign up,4,3,1,4,2,5,NA
711,post-14 days,NA,NA,NA,NA,NA,6,3
712,sign up,5,4,4,7,7,4,NA
712,post-14 days,NA,NA,NA,NA,NA,4,4
713,sign up,3,4,6,3,4,3,NA
713,post-14 days,NA,NA,NA,NA,NA,4,6
714,sign up,4,7,7,7,6,6,NA
714,post-14 days,NA,NA,NA,NA,NA,6,6
715,sign up,2,3,3,2,1,5,NA
715,post-14 days,NA,NA,NA,NA,NA,6,6
716,sign up,6,6,6,7,4,5,NA
716,post-14 days,NA,NA,NA,NA,NA,5,7
717,sign up,5,7,5,6,7,7,NA
717,post-14 days,NA,NA,NA,NA,NA,6,7
718,sign up,6,7,4,6,3,7,NA
718,post-14 days,NA,NA,NA,NA,NA,4,6
719,sign up,6,6,4,6,4,6,NA
719,post-14 days,NA,NA,NA,NA,NA,7,7
720,sign up,3,5,7,4,1,6,NA
720,post-14 days,NA,NA,NA,NA,NA,6,5
721,sign up,4,5,2,7,6,6,NA
721,post-14 days,NA,NA,NA,NA,NA,4,5
722,sign up,4,6,7,7,4,7,NA
722,post-14 days,NA,NA,NA,NA,NA,5,5
723,sign up,6,6,5,5,7,5,NA
723,post-14 days,NA,NA,NA,NA,NA,6,7
724,sign up,6,6,5,6,7,7,NA
724,post-14 days,NA,NA,NA,NA,NA,5,4
725,sign up,3,6,5,5,3,5,NA
725,post-14 days,NA,NA,NA,NA,NA,3,4
726,sign up,6,6,5,4,4,7,NA
726,post-14 days,NA,NA,NA,NA,NA,4,3
727,sign up,4,7,7,4,2,5,NA
727,post-14 days,NA,NA,NA,NA,NA,5,7
728,sign up,5,6,7,5,5,6,NA
728,post-14 days,NA,NA,NA,NA,NA,7,6
729,sign up,2,5,5,3,4,5,NA
729,post-14 days,NA,NA,NA,NA,NA,7,5
730,sign up,3,6,7,5,3,4,NA
730,post-14 days,NA,NA,NA,NA,NA,7,5
731,sign up,6,6,6,6,7,7,NA
731,post-14 days,NA,NA,NA,NA,NA,6,7
732,sign up,5,7,6,7,7,6,NA
732,post-14 days,NA,NA,NA,NA,NA,4,4
733,sign up,6,6,5,5,7,5,NA
733,post-14 days,NA,NA,NA,NA,NA,5,6
734,sign up,5,5,7,5,5,7,NA
734,post-14 days,NA,NA,NA,NA,NA,2,3
735,sign up,2,6,7,5,3,6,NA
735,post-14 days,NA,NA,NA,NA,NA,7,7
736,sign up,6,6,7,6,3,6,NA
736,post-14 days,NA,NA,NA,NA,NA,3,3
737,sign up,4,7,7,7,5,5,NA
737,post-14 days,NA,NA,NA,NA,NA,4,2
738,sign up,2,4,3,7,4,6,NA
738,post-14 days,NA,NA,NA,NA,NA,7,6
739,sign up,2,4,1,5,4,3,NA
739,post-14 days,NA,NA,NA,NA,NA,5,7
740,sign up,4,4,4,3,3,4,NA
740,post-14 days,NA,NA,NA,NA,NA,7,7
741,sign up,2,5,2,6,3,5,NA
741,post-14 days,NA,NA,NA,NA,NA,6,5
742,sign up,6,4,5,7,6,6,NA
742,post-14 days,NA,NA,NA,NA,NA,6,6
743,sign up,1,1,1,1,4,2,NA
743,post-14 days,NA,NA,NA,NA,NA,7,5
744,sign up,4,4,3,5,4,5,NA
744,post-14 days,NA,NA,NA,NA,NA,6,5
745,sign up,6,4,6,3,1,5,NA
745,post-14 days,NA,NA,NA,NA,NA,5,1
746,sign up,5,3,4,3,6,4,NA
746,post-14 days,NA,NA,NA,NA,NA,5,6
747,sign up,4,7,7,3,4,7,NA
747,post-14 days,NA,NA,NA,NA,NA,3,3
748,sign up,4,4,5,4,3,6,NA
748,post-14 days,NA,NA,NA,NA,NA,7,6
749,sign up,6,7,7,7,5,6,NA
749,post-14 days,NA,NA,NA,NA,NA,2,6
750,sign up,3,6,6,7,7,6,NA
750,post-14 days,NA,NA,NA,NA,NA,6,5
751,sign up,4,6,3,7,7,5,NA
751,post-14 days,NA,NA,NA,NA,NA,4,7
752,sign up,4,6,7,6,5,6,NA
752,post-14 days,NA,NA,NA,NA,NA,7,4
753,sign up,6,5,3,4,7,3,NA
753,post-14 days,NA,NA,NA,NA,NA,7,7
754,sign up,2,5,2,5,4,5,NA
754,post-14 days,NA,NA,NA,NA,NA,5,6
755,sign up,2,6,7,6,3,6,NA
755,post-14 days,NA,NA,NA,NA,NA,7,6
756,sign up,6,3,1,4,5,3,NA
756,post-14 days,NA,NA,NA,NA,NA,7,6
757,sign up,5,6,6,7,7,6,NA
757,post-14 days,NA,NA,NA,NA,NA,6,3
758,sign up,4,5,2,5,7,4,NA
758,post-14 days,NA,NA,NA,NA,NA,6,4
759,sign up,4,6,5,7,7,6,NA
759,post-14 days,NA,NA,NA,NA,NA,4,6
760,sign up,3,7,7,7,7,7,NA
760,post-14 days,NA,NA,NA,NA,NA,6,6
761,sign up,4,7,6,6,6,5,NA
761,post-14 days,NA,NA,NA,NA,NA,3,3
762,sign up,4,4,6,5,5,5,NA
762,post-14 days,NA,NA,NA,NA,NA,6,2
763,sign up,5,6,5,6,7,5,NA
763,post-14 days,NA,NA,NA,NA,NA,6,6
764,sign up,6,5,7,4,2,4,NA
764,post-14 days,NA,NA,NA,NA,NA,4,5
765,sign up,6,5,7,3,5,3,NA
765,post-14 days,NA,NA,NA,NA,NA,6,5
766,sign up,3,6,3,6,5,6,NA
766,post-14 days,NA,NA,NA,NA,NA,5,7
767,sign up,6,3,2,4,6,4,NA
767,post-14 days,NA,NA,NA,NA,NA,5,3
768,sign up,5,5,6,3,4,4,NA
768,post-14 days,NA,NA,NA,NA,NA,4,4
769,sign up,4,4,2,6,4,6,NA
769,post-14 days,NA,NA,NA,NA,NA,4,5
770,sign up,6,7,7,7,7,7,NA
770,post-14 days,NA,NA,NA,NA,NA,7,7
771,sign up,5,4,3,4,6,7,NA
771,post-14 days,NA,NA,NA,NA,NA,6,4
772,sign up,2,3,2,4,5,4,NA
772,post-14 days,NA,NA,NA,NA,NA,3,4
773,sign up,6,7,6,6,5,7,NA
773,post-14 days,NA,NA,NA,NA,NA,5,5
774,sign up,3,4,2,5,7,4,NA
774,post-14 days,NA,NA,NA,NA,NA,7,3
775,sign up,2,6,7,7,7,5,NA
775,post-14 days,NA,NA,NA,NA,NA,7,7
776,sign up,5,7,7,4,7,6,NA
776,post-14 days,NA,NA,NA,NA,NA,7,6
777,sign up,4,7,6,7,7,7,NA
777,post-14 days,NA,NA,NA,NA,NA,5,4
778,sign up,3,4,4,7,6,7,NA
778,post-14 days,NA,NA,NA,NA,NA,5,5
779,sign up,3,4,3,6,4,3,NA
779,post-14 days,NA,NA,NA,NA,NA,5,7
780,sign up,6,7,4,7,7,5,NA
780,post-14 days,NA,NA,NA,NA,NA,5,5
781,sign up,5,7,6,7,7,7,NA
781,post-14 days,NA,NA,NA,NA,NA,7,6
782,sign up,1,4,6,4,4,3,NA
782,post-14 days,NA,NA,NA,NA,NA,3,5
783,sign up,4,7,6,5,3,5,NA
783,post-14 days,NA,NA,NA,NA,NA,4,3
784,sign up,6,6,5,6,5,6,NA
784,post-14 days,NA,NA,NA,NA,NA,7,7
785,sign up,5,5,5,4,3,7,NA
785,post-14 days,NA,NA,NA,NA,NA,7,7
786,sign up,5,6,7,7,6,5,NA
786,post-14 days,NA,NA,NA,NA,NA,3,6
787,sign up,6,5,5,7,7,5,NA
787,post-14 days,NA,NA,NA,NA,NA,4,4
788,sign up,5,5,7,4,1,6,NA
788,post-14 days,NA,NA,NA,NA,NA,4,4
789,sign up,4,6,7,6,7,6,NA
789,post-14 days,NA,NA,NA,NA,NA,6,6
790,sign up,3,4,2,6,3,4,NA
790,post-14 days,NA,NA,NA,NA,NA,6,6
791,sign up,3,4,2,6,6,4,NA
791,post-14 days,NA,NA,NA,NA,NA,7,6
792,sign up,5,5,4,5,5,5,NA
792,post-14 days,NA,NA,NA,NA,NA,7,7
793,sign up,4,6,3,5,6,4,NA
793,post-14 days,NA,NA,NA,NA,NA,5,3
794,sign up,4,4,6,4,2,4,NA
794,post-14 days,NA,NA,NA,NA,NA,5,4
795,sign up,6,6,7,6,5,7,NA
795,post-14 days,NA,NA,NA,NA,NA,4,6
796,sign up,6,7,5,7,7,7,NA
796,post-14 days,NA,NA,NA,NA,NA,7,6
797,sign up,3,4,4,4,3,4,NA
797,post-14 days,NA,NA,NA,NA,NA,4,5
798,sign up,6,7,6,6,7,6,NA
798,post-14 days,NA,NA,NA,NA,NA,5,3
799,sign up,4,6,4,2,5,6,NA
799,post-14 days,NA,NA,NA,NA,NA,5,4
800,sign up,6,7,7,7,7,6,NA
800,post-14 days,NA,NA,NA,NA,NA,6,5
801,sign up,3,7,7,6,6,6,NA
801,post-14 days,NA,NA,NA,NA,NA,7,6
802,sign up,5,4,2,6,5,5,NA
802,post-14 days,NA,NA,NA,NA,NA,4,5
803,sign up,5,5,3,6,7,7,NA
803,post-14 days,NA,NA,NA,NA,NA,7,5
804,sign up,6,7,7,6,3,7,NA
804,post-14 days,NA,NA,NA,NA,NA,4,5
805,sign up,6,6,6,7,7,7,NA
805,post-14 days,NA,NA,NA,NA,NA,5,5
806,sign up,4,4,2,4,4,5,NA
806,post-14 days,NA,NA,NA,NA,NA,6,7
807,sign up,6,4,4,5,3,6,NA
807,post-14 days,NA,NA,NA,NA,NA,3,4
808,sign up,6,7,7,7,4,6,NA
808,post-14 days,NA,NA,NA,NA,NA,6,7
809,sign up,5,7,6,7,6,6,NA
809,post-14 days,NA,NA,NA,NA,NA,5,4
810,sign up,6,7,7,7,7,7,NA
810,post-14 days,NA,NA,NA,NA,NA,6,3
811,sign up,4,7,5,7,7,7,NA
811,post-14 days,NA,NA,NA,NA,NA,7,6
812,sign up,3,5,7,4,2,5,NA
812,post-14 days,NA,NA,NA,NA,NA,5,4
813,sign up,4,5,2,3,1,4,NA
813,post-14 days,NA,NA,NA,NA,NA,6,7
814,sign up,6,7,7,4,6,3,NA
814,post-14 days,NA,NA,NA,NA,NA,4,3
815,sign up,5,5,6,5,4,6,NA
815,post-14 days,NA,NA,NA,NA,NA,6,3
816,sign up,4,5,4,7,7,6,NA
816,post-14 days,NA,NA,NA,NA,NA,6,6
817,sign up,6,7,7,7,7,7,NA
817,post-14 days,NA,NA,NA,NA,NA,3,6
818,sign up,2,3,4,4,3,3,NA
818,post-14 days,NA,NA,NA,NA,NA,5,6
819,sign up,5,6,6,7,7,4,NA
819,post-14 days,NA,NA,NA,NA,NA,5,5
820,sign up,5,6,4,7,7,4,NA
820,post-14 days,NA,NA,NA,NA,NA,5,7
821,sign up,6,7,6,6,7,6,NA
821,post-14 days,NA,NA,NA,NA,NA,7,6
822,sign up,5,7,7,7,6,6,NA
822,post-14 days,NA,NA,NA,NA,NA,3,4
823,sign up,3,6,7,5,5,6,NA
823,post-14 days,NA,NA,NA,NA,NA,5,6
824,sign up,5,5,5,4,3,6,NA
824,post-14 days,NA,NA,NA,NA,NA,6,7
825,sign up,2,3,4,4,5,4,NA
825,post-14 days,NA,NA,NA,NA,NA,6,7
826,sign up,5,4,2,6,5,7,NA
826,post-14 days,NA,NA,NA,NA,NA,4,6
827,sign up,6,5,7,4,4,7,NA
827,post-14 days,NA,NA,NA,NA,NA,3,3
828,sign up,3,5,7,5,3,7,NA
828,post-14 days,NA,NA,NA,NA,NA,5,5
829,sign up,6,6,6,6,6,5,NA
829,post-14 days,NA,NA,NA,NA,NA,7,5
830,sign up,6,4,4,5,3,6,NA
830,post-14 days,NA,NA,NA,NA,NA,6,5
831,sign up,4,4,5,5,5,5,NA
831,post-14 days,NA,NA,NA,NA,NA,5,7
832,sign up,3,2,1,4,2,5,NA
832,post-14 days,NA,NA,NA,NA,NA,6,6
833,sign up,2,5,2,7,7,6,NA
833,post-14 days,NA,NA,NA,NA,NA,6,7
834,sign up,2,5,7,6,6,5,NA
834,post-14 days,NA,NA,NA,NA,NA,6,7
835,sign up,3,3,3,4,7,4,NA
835,post-14 days,NA,NA,NA,NA,NA,7,4
836,sign up,5,4,3,2,3,5,NA
836,post-14 days,NA,NA,NA,NA,NA,6,6
837,sign up,4,7,7,6,7,5,NA
837,post-14 days,NA,NA,NA,NA,NA,5,4
838,sign up,6,7,7,6,7,5,NA
838,post-14 days,NA,NA,NA,NA,NA,5,6
839,sign up,6,7,7,7,7,6,NA
839,post-14 days,NA,NA,NA,NA,NA,7,5
840,sign up,5,5,6,5,7,6,NA
840,post-14 days,NA,NA,NA,NA,NA,6,4
841,sign up,4,4,2,6,6,5,NA
841,post-14 days,NA,NA,NA,NA,NA,4,5
842,sign up,5,6,7,5,2,5,NA
842,post-14 days,NA,NA,NA,NA,NA,3,5
843,sign up,4,6,4,4,6,6,NA
843,post-14 days,NA,NA,NA,NA,NA,4,3
844,sign up,6,7,7,7,7,7,NA
844,post-14 days,NA,NA,NA,NA,NA,7,6
845,sign up,5,5,6,7,5,6,NA
845,post-14 days,NA,NA,NA,NA,NA,3,1
846,sign up,1,1,1,2,4,4,NA
846,post-14 days,NA,NA,NA,NA,NA,7,7
847,sign up,4,5,7,4,6,6,NA
847,post-14 days,NA,NA,NA,NA,NA,3,4
848,sign up,3,6,3,4,7,6,NA
848,post-14 days,NA,NA,NA,NA,NA,5,6
849,sign up,6,7,7,7,5,6,NA
849,post-14 days,NA,NA,NA,NA,NA,5,4
850,sign up,4,6,7,6,5,4,NA
850,post-14 days,NA,NA,NA,NA,NA,7,6
851,sign up,5,6,4,7,7,6,NA
851,post-14 days,NA,NA,NA,NA,NA,4,7
852,sign up,5,5,4,6,4,5,NA
852,post-14 days,NA,NA,NA,NA,NA,4,5
853,sign up,5,5,2,7,7,7,NA
853,post-14 days,NA,NA,NA,NA,NA,7,7
854,sign up,5,7,7,7,6,7,NA
854,post-14 days,NA,NA,NA,NA,NA,5,6
855,sign up,6,4,5,7,7,7,NA
855,post-14 days,NA,NA,NA,NA,NA,6,5
856,sign up,3,4,4,3,4,5,NA
856,post-14 days,NA,NA,NA,NA,NA,5,6
857,sign up,5,6,7,7,5,6,NA
857,post-14 days,NA,NA,NA,NA,NA,7,7
858,sign up,3,4,1,6,6,4,NA
858,post-14 days,NA,NA,NA,NA,NA,7,6
859,sign up,3,4,5,5,5,2,NA
859,post-14 days,NA,NA,NA,NA,NA,5,6
860,sign up,5,7,4,6,7,6,NA
860,post-14 days,NA,NA,NA,NA,NA,5,3
861,sign up,5,2,1,5,5,6,NA
861,post-14 days,NA,NA,NA,NA,NA,3,7
862,sign up,5,6,5,6,5,4,NA
862,post-14 days,NA,NA,NA,NA,NA,7,5
863,sign up,1,5,7,4,3,3,NA
863,post-14 days,NA,NA,NA,NA,NA,5,6
864,sign up,6,7,6,7,7,7,NA
864,post-14 days,NA,NA,NA,NA,NA,7,7
865,sign up,6,7,5,7,5,5,NA
865,post-14 days,NA,NA,NA,NA,NA,6,6
866,sign up,6,5,5,7,7,6,NA
866,post-14 days,NA,NA,NA,NA,NA,6,5
867,sign up,4,5,4,4,5,5,NA
867,post-14 days,NA,NA,NA,NA,NA,4,5
868,sign up,4,5,7,4,5,5,NA
868,post-14 days,NA,NA,NA,NA,NA,7,5
869,sign up,4,4,3,6,3,4,NA
869,post-14 days,NA,NA,NA,NA,NA,6,6
870,sign up,4,3,5,7,7,5,NA
870,post-14 days,NA,NA,NA,NA,NA,6,7
871,sign up,3,5,4,6,5,5,NA
871,post-14 days,NA,NA,NA,NA,NA,6,5
872,sign up,3,5,7,5,2,6,NA
872,post-14 days,NA,NA,NA,NA,NA,7,4
873,sign up,2,4,3,3,1,4,NA
873,post-14 days,NA,NA,NA,NA,NA,4,3
874,sign up,3,5,4,3,2,4,NA
874,post-14 days,NA,NA,NA,NA,NA,5,4
875,sign up,6,7,5,7,7,7,NA
875,post-14 days,NA,NA,NA,NA,NA,4,6
876,sign up,6,7,5,5,7,6,NA
876,post-14 days,NA,NA,NA,NA,NA,3,4
877,sign up,6,7,7,5,4,7,NA
877,post-14 days,NA,NA,NA,NA,NA,4,4
878,sign up,3,3,5,3,3,3,NA
878,post-14 days,NA,NA,NA,NA,NA,5,7
879,sign up,4,3,4,5,2,5,NA
879,post-14 days,NA,NA,NA,NA,NA,5,3
880,sign up,1,6,7,7,7,6,NA
880,post-14 days,NA,NA,NA,NA,NA,5,6
881,sign up,5,6,7,7,7,6,NA
881,post-14 days,NA,NA,NA,NA,NA,5,6
882,sign up,4,4,6,3,6,7,NA
882,post-14 days,NA,NA,NA,NA,NA,4,3
883,sign up,3,7,7,7,5,6,NA
883,post-14 days,NA,NA,NA,NA,NA,5,6
884,sign up,6,6,7,5,5,6,NA
884,post-14 days,NA,NA,NA,NA,NA,6,4
885,sign up,4,4,4,3,5,3,NA
885,post-14 days,NA,NA,NA,NA,NA,4,5
886,sign up,6,7,7,7,5,6,NA
886,post-14 days,NA,NA,NA,NA,NA,4,2
887,sign up,6,6,3,6,6,6,NA
887,post-14 days,NA,NA,NA,NA,NA,5,5
888,sign up,4,5,2,5,3,6,NA
888,post-14 days,NA,NA,NA,NA,NA,6,7
889,sign up,4,3,1,5,3,5,NA
889,post-14 days,NA,NA,NA,NA,NA,4,6
890,sign up,5,6,4,7,4,6,NA
890,post-14 days,NA,NA,NA,NA,NA,3,4
891,sign up,6,5,2,6,7,6,NA
891,post-14 days,NA,NA,NA,NA,NA,7,6
892,sign up,6,7,4,7,7,6,NA
892,post-14 days,NA,NA,NA,NA,NA,3,7
893,sign up,5,4,7,6,6,4,NA
893,post-14 days,NA,NA,NA,NA,NA,6,4
894,sign up,4,4,6,6,7,6,NA
894,post-14 days,NA,NA,NA,NA,NA,7,7
895,sign up,3,5,7,6,6,4,NA
895,post-14 days,NA,NA,NA,NA,NA,3,5
896,sign up,6,7,7,7,7,5,NA
896,post-14 days,NA,NA,NA,NA,NA,5,4
897,sign up,6,7,7,7,7,7,NA
897,post-14 days,NA,NA,NA,NA,NA,6,7
898,sign up,4,4,6,5,5,5,NA
898,post-14 days,NA,NA,NA,NA,NA,5,5
899,sign up,5,5,6,4,7,5,NA
899,post-14 days,NA,NA,NA,NA,NA,6,5
900,sign up,6,3,4,5,7,6,NA
900,post-14 days,NA,NA,NA,NA,NA,5,6
901,sign up,4,5,7,7,7,6,NA
901,post-14 days,NA,NA,NA,NA,NA,3,2
902,sign up,4,5,6,7,5,5,NA
902,post-14 days,NA,NA,NA,NA,NA,7,5
903,sign up,3,5,5,4,4,5,NA
903,post-14 days,NA,NA,NA,NA,NA,7,5
904,sign up,1,3,6,4,2,4,NA
904,post-14 days,NA,NA,NA,NA,NA,7,7
905,sign up,6,6,7,5,7,6,NA
905,post-14 days,NA,NA,NA,NA,NA,6,3
906,sign up,6,4,3,7,4,7,NA
906,post-14 days,NA,NA,NA,NA,NA,7,7
907,sign up,3,4,2,5,5,3,NA
907,post-14 days,NA,NA,NA,NA,NA,7,7
908,sign up,4,3,2,7,7,6,NA
908,post-14 days,NA,NA,NA,NA,NA,4,6
909,sign up,3,3,1,6,7,7,NA
909,post-14 days,NA,NA,NA,NA,NA,6,5
910,sign up,1,6,7,5,2,4,NA
910,post-14 days,NA,NA,NA,NA,NA,2,6
911,sign up,4,6,3,4,4,7,NA
911,post-14 days,NA,NA,NA,NA,NA,3,3
912,sign up,4,3,4,7,5,6,NA
912,post-14 days,NA,NA,NA,NA,NA,4,4
913,sign up,2,4,4,3,1,4,NA
913,post-14 days,NA,NA,NA,NA,NA,5,6
914,sign up,3,5,7,2,5,5,NA
914,post-14 days,NA,NA,NA,NA,NA,7,5
915,sign up,5,7,5,6,7,5,NA
915,post-14 days,NA,NA,NA,NA,NA,7,3
916,sign up,1,4,5,3,1,2,NA
916,post-14 days,NA,NA,NA,NA,NA,4,4
917,sign up,6,4,6,5,7,6,NA
917,post-14 days,NA,NA,NA,NA,NA,5,6
918,sign up,6,7,7,6,5,5,NA
918,post-14 days,NA,NA,NA,NA,NA,4,5
919,sign up,3,4,5,2,3,5,NA
919,post-14 days,NA,NA,NA,NA,NA,5,3
920,sign up,5,2,2,4,2,6,NA
920,post-14 days,NA,NA,NA,NA,NA,7,4
921,sign up,6,6,6,4,7,6,NA
921,post-14 days,NA,NA,NA,NA,NA,4,5
922,sign up,5,6,6,5,4,5,NA
922,post-14 days,NA,NA,NA,NA,NA,5,3
923,sign up,4,4,2,5,6,5,NA
923,post-14 days,NA,NA,NA,NA,NA,7,7
924,sign up,6,5,4,5,2,5,NA
924,post-14 days,NA,NA,NA,NA,NA,4,6
925,sign up,6,4,2,6,6,6,NA
925,post-14 days,NA,NA,NA,NA,NA,4,6
926,sign up,6,6,7,5,2,4,NA
926,post-14 days,NA,NA,NA,NA,NA,3,6
927,sign up,3,6,5,6,7,7,NA
927,post-14 days,NA,NA,NA,NA,NA,5,5
928,sign up,6,5,4,5,7,5,NA
928,post-14 days,NA,NA,NA,NA,NA,3,3
929,sign up,4,5,7,6,7,6,NA
929,post-14 days,NA,NA,NA,NA,NA,4,4
930,sign up,3,6,4,4,3,5,NA
930,post-14 days,NA,NA,NA,NA,NA,4,7
931,sign up,5,7,7,6,5,6,NA
931,post-14 days,NA,NA,NA,NA,NA,4,4
932,sign up,5,7,5,5,2,7,NA
932,post-14 days,NA,NA,NA,NA,NA,5,5
933,sign up,3,5,2,4,7,5,NA
933,post-14 days,NA,NA,NA,NA,NA,6,5
934,sign up,6,5,7,6,7,4,NA
934,post-14 days,NA,NA,NA,NA,NA,4,6
935,sign up,4,3,6,6,3,5,NA
935,post-14 days,NA,NA,NA,NA,NA,4,2
936,sign up,4,4,6,6,4,4,NA
937,sign up,4,5,5,4,1,6,NA
938,sign up,6,4,5,5,3,7,NA
939,sign up,3,4,2,5,5,3,NA
940,sign up,4,6,7,6,6,7,NA
941,sign up,5,6,7,6,7,5,NA
942,sign up,4,5,5,7,7,6,NA
943,sign up,4,4,7,3,5,6,NA
944,sign up,3,6,7,6,6,5,NA
945,sign up,6,6,3,7,7,7,NA
946,sign up,5,3,1,5,7,3,NA
947,sign up,3,5,2,3,4,2,NA
948,sign up,6,7,5,5,6,7,NA
949,sign up,6,5,7,7,5,4,NA
950,sign up,3,6,3,2,1,7,NA
951,sign up,5,7,7,6,5,6,NA
952,sign up,4,5,6,4,3,4,NA
953,sign up,6,4,2,7,7,5,NA
954,sign up,5,5,3,4,4,6,NA
955,sign up,1,6,4,3,5,3,NA
956,sign up,6,6,4,6,6,6,NA
957,sign up,4,5,7,3,1,7,NA
958,sign up,5,7,6,7,6,6,NA
959,sign up,4,5,7,6,5,7,NA
960,sign up,3,2,1,1,4,4,NA
961,sign up,6,7,7,7,6,7,NA
962,sign up,5,7,6,7,7,6,NA
963,sign up,4,4,4,3,3,4,NA
964,sign up,5,6,7,5,6,5,NA
965,sign up,3,3,2,4,3,6,NA
966,sign up,6,7,7,7,7,7,NA
967,sign up,6,4,5,5,6,5,NA
968,sign up,3,6,7,4,6,4,NA
969,sign up,5,7,7,6,3,6,NA
970,sign up,4,4,4,4,6,5,NA
971,sign up,3,6,7,7,6,6,NA
972,sign up,4,4,3,6,4,5,NA
973,sign up,3,2,4,3,5,3,NA
974,sign up,4,6,5,3,4,4,NA
975,sign up,5,6,7,4,6,4,NA
976,sign up,4,4,6,6,4,5,NA
977,sign up,4,5,6,5,6,5,NA
978,sign up,4,5,6,4,6,6,NA
979,sign up,4,6,5,7,5,5,NA
980,sign up,6,6,4,4,5,6,NA
981,sign up,5,4,2,5,3,7,NA
982,sign up,5,6,7,6,3,6,NA
983,sign up,3,3,2,5,7,2,NA
984,sign up,1,4,2,5,5,4,NA
985,sign up,4,6,4,6,7,4,NA
986,sign up,5,5,2,4,6,7,NA
987,sign up,5,5,6,5,3,4,NA
988,sign up,4,6,5,5,3,6,NA
989,sign up,5,7,7,5,2,4,NA
990,sign up,5,6,6,5,3,4,NA
991,sign up,4,4,3,5,5,6,NA
992,sign up,6,4,6,5,3,3,NA
993,sign up,6,7,7,5,3,7,NA
994,sign up,6,7,7,4,3,5,NA
995,sign up,4,4,7,5,7,7,NA
996,sign up,4,1,1,1,3,5,NA
997,sign up,4,6,6,6,6,7,NA
998,sign up,6,7,7,6,7,4,NA
999,sign up,4,5,5,5,7,5,NA
1000,sign up,1,7,7,3,3,7,NA
1001,sign up,6,7,6,7,5,6,NA
1002,sign up,6,6,7,6,4,7,NA
1003,sign up,3,6,4,6,7,6,NA
1004,sign up,4,6,7,7,7,7,NA
1005,sign up,3,4,6,6,7,4,NA
1006,sign up,4,5,6,3,4,3,NA
1007,sign up,5,3,4,5,4,4,NA
1008,sign up,5,7,7,5,6,7,NA
1009,sign up,4,4,4,7,7,7,NA
1010,sign up,6,7,6,7,7,7,NA
1011,sign up,6,6,4,6,7,7,NA
1012,sign up,2,4,6,4,4,4,NA
1013,sign up,5,7,7,6,5,5,NA
1014,sign up,4,4,5,3,3,5,NA
1015,sign up,4,7,4,5,7,6,NA
1016,sign up,3,5,7,5,6,6,NA
1017,sign up,5,7,7,6,6,5,NA
1018,sign up,3,3,5,5,5,5,NA
1019,sign up,2,3,1,3,3,2,NA
1020,sign up,4,6,7,5,2,5,NA
1021,sign up,5,5,2,5,7,5,NA
1022,sign up,2,7,7,3,2,6,NA
1023,sign up,1,5,5,4,7,3,NA
1024,sign up,2,4,3,4,4,5,NA
1025,sign up,5,6,6,6,7,5,NA
1026,sign up,6,7,7,5,4,7,NA
1027,sign up,3,7,7,5,5,5,NA
1028,sign up,5,5,4,7,7,5,NA
1029,sign up,3,6,4,7,7,7,NA
1030,sign up,4,5,2,4,4,3,NA
1031,sign up,6,7,7,7,5,7,NA
1032,sign up,6,4,7,5,6,7,NA
1033,sign up,6,6,7,7,7,7,NA
1034,sign up,6,6,7,6,7,5,NA
1035,sign up,4,7,7,6,3,7,NA
1036,sign up,6,4,2,5,5,3,NA
1037,sign up,5,3,1,7,5,6,NA
1038,sign up,1,5,7,5,2,5,NA
1039,sign up,4,5,5,5,4,6,NA
1040,sign up,2,3,2,4,4,3,NA
1041,sign up,5,7,7,7,6,7,NA
1042,sign up,3,4,6,3,6,5,NA
1043,sign up,6,6,7,5,2,6,NA
1044,sign up,5,4,4,5,3,6,NA
1045,sign up,4,6,6,6,5,5,NA
1046,sign up,4,5,7,7,6,5,NA
1047,sign up,3,4,4,2,5,4,NA
1048,sign up,3,6,7,6,4,7,NA
1049,sign up,4,3,1,6,4,5,NA
1050,sign up,4,4,4,3,4,5,NA
1051,sign up,6,6,6,6,6,6,NA
1052,sign up,2,3,1,5,4,4,NA
1053,sign up,5,6,6,4,2,7,NA
1054,sign up,3,6,7,5,2,4,NA
1055,sign up,6,7,7,5,3,6,NA
1056,sign up,4,4,4,7,7,6,NA
1057,sign up,3,4,2,5,6,5,NA
1058,sign up,6,6,7,7,6,6,NA
1059,sign up,4,3,3,5,4,2,NA
1060,sign up,4,7,4,4,6,7,NA
1061,sign up,3,6,7,3,5,5,NA
1062,sign up,4,6,5,5,3,7,NA
1063,sign up,2,3,5,3,1,4,NA
1064,sign up,4,6,4,4,5,5,NA
1065,sign up,6,5,4,5,7,5,NA
1066,sign up,4,5,2,4,1,3,NA
1067,sign up,4,4,4,3,2,5,NA
1068,sign up,3,7,7,3,1,5,NA
1069,sign up,5,7,7,6,5,5,NA
1070,sign up,5,6,6,5,6,4,NA
1071,sign up,6,7,4,7,5,7,NA
1072,sign up,5,3,6,4,5,6,NA
1073,sign up,5,4,5,3,5,2,NA
1074,sign up,3,6,6,4,3,4,NA
1075,sign up,5,6,5,4,5,6,NA
1076,sign up,5,6,7,7,5,6,NA
1077,sign up,5,7,4,7,7,6,NA
1078,sign up,4,6,6,7,4,5,NA
1079,sign up,4,5,7,6,4,4,NA
1080,sign up,4,7,7,6,7,5,NA
1081,sign up,5,7,6,1,1,5,NA
1082,sign up,2,5,6,6,7,3,NA
1083,sign up,5,6,5,4,3,6,NA
1084,sign up,6,6,3,7,7,7,NA
1085,sign up,6,5,6,7,7,4,NA
1086,sign up,4,5,5,7,7,6,NA
1087,sign up,1,5,5,5,4,4,NA
1088,sign up,4,7,7,6,7,7,NA
1089,sign up,4,5,6,6,6,4,NA
1090,sign up,4,5,3,5,5,6,NA
1091,sign up,6,5,6,7,4,6,NA
1092,sign up,2,5,7,5,6,4,NA
1093,sign up,2,6,7,5,5,4,NA
1094,sign up,5,7,5,6,5,6,NA
1095,sign up,3,5,3,5,2,4,NA
1096,sign up,3,7,7,7,7,7,NA
1097,sign up,4,6,7,5,3,7,NA
1098,sign up,6,6,6,6,7,5,NA
1099,sign up,6,4,7,6,5,6,NA
1100,sign up,4,6,6,6,6,6,NA
1101,sign up,6,4,7,5,7,5,NA
1102,sign up,6,5,2,6,7,5,NA
1103,sign up,4,6,7,4,3,4,NA
1104,sign up,3,5,6,5,5,6,NA
1105,sign up,2,7,7,7,7,6,NA
1106,sign up,4,5,7,5,6,6,NA
1107,sign up,3,3,6,5,6,7,NA
1108,sign up,6,5,7,6,6,5,NA
1109,sign up,3,6,4,6,5,2,NA
1110,sign up,4,5,5,5,7,5,NA
1111,sign up,3,6,6,6,6,4,NA
1112,sign up,5,4,6,4,6,4,NA
1113,sign up,1,3,2,5,7,4,NA
1114,sign up,5,7,7,6,7,5,NA
1115,sign up,5,6,7,5,2,7,NA
1116,sign up,6,6,6,6,6,7,NA
1117,sign up,5,6,6,5,6,6,NA
1118,sign up,6,6,7,7,7,7,NA
1119,sign up,5,4,3,5,3,5,NA
1120,sign up,4,7,6,6,6,5,NA
1121,sign up,4,4,5,3,1,3,NA
1122,sign up,5,3,3,4,2,6,NA
1123,sign up,4,4,6,6,7,6,NA
1124,sign up,6,5,6,6,4,6,NA
1125,sign up,5,7,7,6,5,7,NA
1126,sign up,3,6,7,7,7,7,NA
1127,sign up,6,7,7,7,5,7,NA
1128,sign up,2,4,1,4,7,4,NA
1129,sign up,4,7,7,6,4,7,NA
1130,sign up,3,6,3,6,7,6,NA
1131,sign up,4,5,4,6,6,7,NA
1132,sign up,6,7,5,7,7,7,NA
1133,sign up,5,5,2,5,6,7,NA
1134,sign up,6,5,6,7,5,6,NA
1135,sign up,5,7,4,6,6,7,NA
1136,sign up,5,7,6,6,7,7,NA
1137,sign up,4,5,2,6,6,7,NA
1138,sign up,3,7,7,6,6,7,NA
1139,sign up,3,4,3,2,1,5,NA
1140,sign up,6,6,6,4,7,5,NA
1141,sign up,5,7,7,6,7,6,NA
1142,sign up,6,3,6,5,3,7,NA
1143,sign up,6,7,5,3,3,6,NA
1144,sign up,5,4,6,5,5,5,NA
1145,sign up,4,6,4,5,7,3,NA
1146,sign up,5,5,7,4,2,5,NA
1147,sign up,6,6,6,5,4,6,NA
1148,sign up,5,5,4,4,6,4,NA
1149,sign up,5,7,7,7,7,7,NA
1150,sign up,4,6,6,4,4,4,NA
1151,sign up,6,5,4,4,3,6,NA
1152,sign up,6,7,5,6,4,7,NA
1153,sign up,4,5,6,4,5,5,NA
1154,sign up,4,4,2,6,4,5,NA
1155,sign up,4,5,7,7,7,7,NA
1156,sign up,4,4,4,6,4,7,NA
1157,sign up,5,6,6,5,7,7,NA
1158,sign up,5,7,5,7,7,7,NA
1159,sign up,6,5,7,6,5,5,NA
1160,sign up,3,4,6,6,7,5,NA
1161,sign up,6,7,6,6,4,7,NA
1162,sign up,5,6,7,7,6,6,NA
1163,sign up,4,2,1,3,5,6,NA
1164,sign up,6,7,7,7,6,7,NA
1165,sign up,2,4,1,2,1,2,NA
1166,sign up,3,4,4,6,7,5,NA
1167,sign up,6,6,7,5,7,6,NA
1168,sign up,6,7,7,6,7,7,NA
1169,sign up,2,4,6,3,2,5,NA
1170,sign up,3,6,7,5,3,5,NA
1171,sign up,3,5,3,7,5,4,NA
1172,sign up,4,5,7,3,1,6,NA
1173,sign up,5,5,6,7,7,4,NA
1174,sign up,6,5,7,6,6,6,NA
1175,sign up,6,6,7,7,6,6,NA
1176,sign up,3,6,7,4,1,7,NA
1177,sign up,6,6,7,6,4,6,NA
1178,sign up,6,3,4,3,5,5,NA
1179,sign up,6,5,2,6,5,7,NA
1180,sign up,5,7,7,6,4,7,NA
1181,sign up,3,4,5,5,3,6,NA
1182,sign up,6,6,4,7,7,7,NA
1183,sign up,4,3,1,4,3,6,NA
1184,sign up,3,5,2,7,4,3,NA
1185,sign up,6,7,7,7,7,7,NA
1186,sign up,4,3,2,7,7,4,NA
1187,sign up,6,6,7,7,7,7,NA
1188,sign up,6,7,7,6,7,7,NA
1189,sign up,3,3,3,5,5,5,NA
1190,sign up,6,6,4,5,6,5,NA
1191,sign up,5,7,7,4,1,5,NA
1192,sign up,5,3,5,6,6,6,NA
1193,sign up,3,5,4,5,6,5,NA
1194,sign up,5,5,7,6,6,6,NA
1195,sign up,6,6,5,6,4,5,NA
1196,sign up,6,6,5,6,7,6,NA
1197,sign up,2,1,2,2,1,3,NA
1198,sign up,5,5,6,4,1,6,NA
1199,sign up,6,6,4,4,6,5,NA
1200,sign up,5,7,6,6,7,7,NA
1201,sign up,2,5,5,4,2,2,NA
1202,sign up,4,5,2,5,4,6,NA
1203,sign up,4,6,6,6,4,7,NA
1204,sign up,5,6,4,7,4,6,NA
1205,sign up,3,2,4,5,7,4,NA
1206,sign up,4,3,4,5,6,6,NA
1207,sign up,2,7,7,3,5,6,NA
1208,sign up,5,2,5,4,4,5,NA
1209,sign up,4,5,5,7,6,4,NA
1210,sign up,4,7,7,5,6,5,NA
1211,sign up,3,5,7,3,6,6,NA
1212,sign up,1,5,4,5,3,6,NA
1213,sign up,4,5,5,5,2,7,NA
1214,sign up,4,7,7,6,7,7,NA
1215,sign up,5,5,3,7,5,3,NA
1216,sign up,5,5,4,7,7,6,NA
1217,sign up,3,6,6,3,6,6,NA
1218,sign up,6,6,7,7,7,5,NA
1219,sign up,4,7,5,7,5,6,NA
1220,sign up,4,5,5,5,4,7,NA
1221,sign up,3,6,7,5,4,5,NA
1222,sign up,5,5,3,5,3,7,NA
1223,sign up,2,5,3,5,2,4,NA
1224,sign up,4,5,7,7,6,7,NA
1225,sign up,6,7,7,4,7,5,NA
1226,sign up,5,4,5,4,4,4,NA
1227,sign up,6,5,4,5,5,7,NA
1228,sign up,6,6,4,5,2,6,NA
1229,sign up,3,5,4,4,6,1,NA
1230,sign up,5,5,3,7,5,7,NA
1231,sign up,3,5,2,7,6,4,NA
1232,sign up,6,7,4,7,7,7,NA
1233,sign up,5,5,5,6,4,4,NA
1234,sign up,4,5,2,7,7,5,NA
1235,sign up,2,4,4,4,2,5,NA
1236,sign up,4,4,4,6,7,6,NA
1237,sign up,5,6,7,6,4,7,NA
1238,sign up,6,5,4,4,4,6,NA
1239,sign up,6,6,5,5,6,7,NA
1240,sign up,4,5,6,6,6,3,NA
1241,sign up,6,7,7,5,2,6,NA
1242,sign up,5,6,4,6,3,4,NA
1243,sign up,2,5,5,4,3,7,NA
1244,sign up,1,6,3,2,4,5,NA
1245,sign up,4,5,7,5,7,6,NA
1246,sign up,6,7,4,5,2,6,NA
1247,sign up,1,2,1,2,1,4,NA
1248,sign up,6,5,2,2,1,6,NA
1249,sign up,6,6,3,6,5,6,NA
1250,sign up,4,6,6,7,6,5,NA
1251,sign up,3,7,5,7,7,7,NA
1252,sign up,4,6,3,7,4,5,NA
1253,sign up,4,3,3,4,1,4,NA
1254,sign up,5,3,2,6,7,4,NA
1255,sign up,6,7,7,7,5,7,NA
1256,sign up,4,3,1,3,6,3,NA
1257,sign up,5,3,4,5,3,4,NA
1258,sign up,5,5,7,4,4,3,NA
1259,sign up,4,4,5,5,5,6,NA
1260,sign up,6,7,6,7,7,7,NA
1261,sign up,5,6,6,6,6,5,NA
1262,sign up,5,4,2,5,7,5,NA
1263,sign up,6,7,7,7,7,7,NA
1264,sign up,6,7,7,5,7,7,NA
1265,sign up,4,6,7,3,4,6,NA
1266,sign up,5,7,5,6,7,5,NA
1267,sign up,3,3,5,3,1,4,NA
1268,sign up,3,7,6,7,4,4,NA
1269,sign up,4,7,7,4,5,5,NA
1270,sign up,4,6,7,3,1,4,NA
1271,sign up,5,5,5,6,7,4,NA
1272,sign up,4,6,5,3,1,6,NA
1273,sign up,4,6,4,7,7,6,NA
1274,sign up,5,5,6,7,7,7,NA
1275,sign up,6,7,7,6,5,7,NA
1276,sign up,1,6,7,6,5,6,NA
1277,sign up,4,7,7,6,7,7,NA
1278,sign up,2,3,2,2,1,2,NA
1279,sign up,6,6,7,5,3,6,NA
1280,sign up,4,7,7,6,6,6,NA
1281,sign up,3,6,4,6,3,4,NA
1282,sign up,2,6,4,4,4,4,NA
1283,sign up,3,6,6,4,4,5,NA
1284,sign up,6,7,7,4,5,7,NA
1285,sign up,5,7,7,7,7,7,NA
1286,sign up,3,7,7,7,7,3,NA
1287,sign up,5,7,7,7,7,7,NA
1288,sign up,5,5,7,7,7,7,NA
1289,sign up,1,4,2,5,7,4,NA
1290,sign up,6,7,7,5,6,7,NA
1291,sign up,5,7,7,7,5,7,NA
1292,sign up,5,7,6,6,7,6,NA
1293,sign up,4,7,7,4,2,5,NA
1294,sign up,6,7,6,5,2,7,NA
1295,sign up,5,7,6,7,6,6,NA
1296,sign up,2,6,4,4,5,5,NA
1297,sign up,4,7,7,4,5,5,NA
1298,sign up,5,5,6,5,6,6,NA
1299,sign up,4,4,4,6,3,4,NA
1300,sign up,6,7,7,3,1,6,NA
1301,sign up,5,5,7,4,3,4,NA
1302,sign up,6,6,4,5,6,6,NA
1303,sign up,6,5,3,5,3,7,NA
1304,sign up,6,5,6,6,7,6,NA
1305,sign up,5,5,6,6,7,4,NA
1306,sign up,6,6,6,5,4,6,NA
1307,sign up,5,6,7,5,4,5,NA
1308,sign up,5,3,3,5,7,6,NA
1309,sign up,4,7,7,6,7,6,NA
1310,sign up,5,6,3,4,2,4,NA
1311,sign up,5,7,5,7,4,6,NA
1312,sign up,3,7,7,7,6,5,NA
1313,sign up,4,7,4,7,7,6,NA
1314,sign up,3,7,6,6,7,3,NA
1315,sign up,2,4,4,4,4,4,NA
1316,sign up,1,7,6,6,3,7,NA
1317,sign up,6,7,7,6,5,6,NA
1318,sign up,6,7,4,7,5,7,NA
1319,sign up,6,6,4,5,2,7,NA
1320,sign up,5,5,3,6,7,6,NA
1321,sign up,3,7,7,5,2,6,NA
1322,sign up,5,5,5,3,2,4,NA
1323,sign up,3,6,7,4,1,4,NA
1324,sign up,2,6,7,5,6,2,NA
1325,sign up,4,5,7,4,7,4,NA
1326,sign up,5,5,3,5,3,5,NA
1327,sign up,4,4,6,7,5,6,NA
1328,sign up,3,5,6,5,3,3,NA
1329,sign up,6,6,6,6,5,7,NA
1330,sign up,5,7,7,7,6,6,NA
1331,sign up,6,5,7,6,7,5,NA
1332,sign up,4,3,3,4,3,4,NA
1333,sign up,4,7,7,5,7,5,NA
1334,sign up,4,7,7,7,7,4,NA
1335,sign up,3,4,4,4,2,4,NA
1336,sign up,3,4,2,4,4,6,NA
1337,sign up,6,7,5,7,6,7,NA
1338,sign up,3,6,6,3,4,6,NA
1339,sign up,3,6,6,7,5,4,NA
1340,sign up,6,4,6,7,4,6,NA
1341,sign up,6,6,5,6,7,5,NA
1342,sign up,6,5,7,7,7,7,NA
1343,sign up,6,4,2,4,4,7,NA
1344,sign up,5,7,7,7,6,4,NA
1345,sign up,4,2,5,4,5,5,NA
1346,sign up,5,4,3,4,3,4,NA
1347,sign up,6,7,7,7,7,7,NA
1348,sign up,6,4,3,6,7,5,NA
1349,sign up,5,4,5,7,4,5,NA
1350,sign up,6,7,7,4,3,7,NA
1351,sign up,4,5,2,5,4,4,NA
1352,sign up,6,6,7,7,7,5,NA
1353,sign up,5,5,4,7,7,6,NA
1354,sign up,3,4,6,3,1,3,NA
1355,sign up,5,6,7,6,3,4,NA
1356,sign up,2,6,4,7,5,4,NA
1357,sign up,3,5,7,6,7,4,NA
1358,sign up,6,7,7,4,4,4,NA
1359,sign up,5,7,7,7,6,6,NA
1360,sign up,6,6,7,5,7,7,NA
1361,sign up,3,5,6,6,7,6,NA
1362,sign up,3,4,2,4,2,4,NA
1363,sign up,6,7,7,7,7,6,NA
1364,sign up,3,6,7,6,5,5,NA
1365,sign up,3,4,3,6,7,4,NA
1366,sign up,6,7,5,7,7,7,NA
1367,sign up,3,3,1,4,3,6,NA
1368,sign up,2,2,4,3,3,5,NA
1369,sign up,4,3,2,4,6,5,NA
1370,sign up,1,5,6,5,4,5,NA
1371,sign up,3,5,2,7,6,4,NA
1372,sign up,6,6,4,6,6,5,NA
1373,sign up,5,4,4,5,2,5,NA
1374,sign up,2,4,6,6,7,4,NA
1375,sign up,5,4,4,4,6,6,NA
1376,sign up,4,7,6,6,6,6,NA
1377,sign up,4,6,7,7,6,5,NA
1378,sign up,4,5,6,4,3,4,NA
1379,sign up,3,6,4,5,6,4,NA
1380,sign up,5,6,5,4,2,3,NA
1381,sign up,5,6,6,6,7,7,NA
1382,sign up,1,2,3,6,6,4,NA
1383,sign up,6,7,7,6,4,6,NA
1384,sign up,6,5,2,7,7,7,NA
1385,sign up,1,5,2,4,3,3,NA
1386,sign up,4,7,7,3,4,4,NA
1387,sign up,3,4,5,4,6,5,NA
1388,sign up,3,6,6,6,7,6,NA
1389,sign up,4,2,2,3,3,5,NA
1390,sign up,5,6,3,7,7,5,NA
1391,sign up,6,5,7,7,5,5,NA
1392,sign up,3,5,4,2,3,4,NA
1393,sign up,3,6,7,3,1,6,NA
1394,sign up,5,6,3,6,5,7,NA
1395,sign up,4,7,7,7,7,4,NA
1396,sign up,5,3,4,7,5,3,NA
1397,sign up,6,7,5,6,5,7,NA
1398,sign up,6,5,3,6,5,6,NA
1399,sign up,6,7,5,7,7,7,NA
1400,sign up,1,4,2,4,5,2,NA
1401,sign up,4,3,3,4,3,6,NA
1402,sign up,4,7,7,7,7,5,NA
1403,sign up,3,5,5,4,3,4,NA
1404,sign up,3,5,7,3,1,6,NA
1405,sign up,5,3,5,6,4,6,NA
1406,sign up,6,7,7,4,5,7,NA
1407,sign up,3,4,6,6,4,6,NA
1408,sign up,6,7,5,5,3,7,NA
1409,sign up,6,6,7,7,6,6,NA
1410,sign up,5,6,7,4,3,3,NA
1411,sign up,4,7,4,6,4,6,NA
1412,sign up,6,7,5,6,3,5,NA
1413,sign up,5,7,7,5,5,5,NA
1414,sign up,6,3,4,5,2,7,NA
1415,sign up,4,5,3,7,5,5,NA
1416,sign up,5,3,4,6,4,5,NA
1417,sign up,6,6,6,7,7,6,NA
1418,sign up,5,7,7,6,7,7,NA
1419,sign up,5,6,6,7,5,6,NA
1420,sign up,6,4,5,7,4,7,NA
1421,sign up,3,5,7,6,4,5,NA
1422,sign up,6,7,6,7,7,7,NA
1423,sign up,5,4,2,4,6,5,NA
1424,sign up,5,7,5,6,3,7,NA
1425,sign up,2,6,7,5,6,5,NA
1426,sign up,6,6,4,6,7,6,NA
1427,sign up,3,5,2,5,3,5,NA
1428,sign up,6,7,7,7,7,5,NA
1429,sign up,4,7,6,7,7,4,NA
1430,sign up,6,5,4,5,3,7,NA
1431,sign up,5,6,7,5,5,4,NA
1432,sign up,3,4,2,4,6,7,NA
1433,sign up,5,6,7,5,7,7,NA
1434,sign up,4,4,6,4,6,6,NA
1435,sign up,4,4,6,5,3,4,NA
1436,sign up,5,6,3,7,7,7,NA
1437,sign up,4,7,7,5,7,4,NA
1438,sign up,4,6,7,4,6,3,NA
1439,sign up,3,3,2,5,7,5,NA
1440,sign up,3,5,4,6,4,6,NA
1441,sign up,5,5,3,5,6,6,NA
1442,sign up,5,4,3,6,4,7,NA
1443,sign up,3,3,4,7,7,7,NA
1444,sign up,4,5,2,7,6,5,NA
1445,sign up,4,3,4,4,3,6,NA
1446,sign up,4,6,5,5,3,5,NA
1447,sign up,5,5,7,7,7,4,NA
1448,sign up,3,3,4,3,4,2,NA
1449,sign up,3,4,2,5,7,5,NA
1450,sign up,5,4,6,7,5,7,NA
1451,sign up,3,3,6,5,7,3,NA
1452,sign up,6,5,6,4,2,4,NA
1453,sign up,4,6,3,7,5,6,NA
1454,sign up,5,6,7,7,6,5,NA
1455,sign up,6,7,7,7,6,6,NA
1456,sign up,6,7,7,4,3,7,NA
1457,sign up,6,7,5,7,7,7,NA
1458,sign up,5,7,7,6,3,5,NA
1459,sign up,1,3,4,4,7,2,NA
1460,sign up,6,6,6,7,7,6,NA
1461,sign up,6,7,5,7,7,6,NA
1462,sign up,5,4,6,6,7,5,NA
1463,sign up,6,7,6,5,3,5,NA
1464,sign up,5,7,4,7,5,7,NA
1465,sign up,5,5,2,5,2,4,NA
1466,sign up,3,4,4,4,4,4,NA
1467,sign up,4,4,5,5,6,2,NA
1468,sign up,3,4,4,1,1,1,NA
1469,sign up,3,6,6,6,7,6,NA
1470,sign up,4,5,5,4,3,6,NA
1471,sign up,5,2,5,4,5,4,NA
1472,sign up,5,6,3,7,6,6,NA
1473,sign up,4,7,5,5,4,6,NA
1474,sign up,5,7,4,7,7,5,NA
1475,sign up,3,4,6,6,7,6,NA
1476,sign up,4,7,5,6,6,7,NA
1477,sign up,5,4,4,6,7,4,NA
1478,sign up,6,7,7,7,5,5,NA
1479,sign up,5,5,7,5,7,6,NA
1480,sign up,4,7,7,5,2,4,NA
1481,sign up,5,7,4,5,6,2,NA
1482,sign up,3,5,4,5,7,7,NA
1483,sign up,1,3,3,3,6,4,NA
1484,sign up,4,3,4,3,3,6,NA
1485,sign up,5,6,3,6,4,7,NA
1486,sign up,2,5,4,4,3,3,NA
1487,sign up,4,6,3,4,6,3,NA
1488,sign up,2,6,4,4,2,5,NA
1489,sign up,2,4,2,3,1,3,NA
1490,sign up,4,5,4,7,6,7,NA
1491,sign up,4,3,2,6,7,6,NA
1492,sign up,4,3,4,7,7,6,NA
1493,sign up,3,6,7,7,7,5,NA
1494,sign up,3,4,6,4,1,6,NA
1495,sign up,4,6,7,6,7,6,NA
1496,sign up,3,7,5,7,7,6,NA
1497,sign up,5,7,5,7,7,6,NA
1498,sign up,2,7,7,5,5,4,NA
1499,sign up,5,5,6,5,7,6,NA
1500,sign up,4,7,7,6,4,5,NA
1501,sign up,5,5,4,4,2,5,NA
1502,sign up,3,4,7,4,2,5,NA
1503,sign up,4,3,1,5,4,7,NA
1504,sign up,1,4,2,2,1,4,NA
1505,sign up,3,5,7,4,4,5,NA
1506,sign up,3,5,5,4,5,6,NA
1507,sign up,6,7,6,7,7,5,NA
1508,sign up,5,6,7,3,6,4,NA
1509,sign up,6,6,4,7,7,6,NA
1510,sign up,2,4,7,6,5,5,NA
1511,sign up,6,7,6,6,7,5,NA
1512,sign up,4,3,5,6,7,5,NA
1513,sign up,3,6,7,7,7,5,NA
1514,sign up,6,5,4,3,5,4,NA
1515,sign up,2,6,3,6,6,4,NA
1516,sign up,6,7,7,7,7,7,NA
1517,sign up,2,7,7,4,5,5,NA
1518,sign up,3,4,3,5,7,4,NA
1519,sign up,4,5,4,5,3,6,NA
1520,sign up,6,6,7,5,6,5,NA
1521,sign up,5,5,2,5,2,5,NA
1522,sign up,4,5,5,7,5,3,NA
1523,sign up,5,5,4,6,6,6,NA
1524,sign up,4,5,5,6,7,6,NA
1525,sign up,3,5,5,6,7,5,NA
1526,sign up,6,3,6,6,6,7,NA
1527,sign up,4,7,7,7,5,6,NA
1528,sign up,1,5,2,6,7,3,NA
1529,sign up,5,4,2,6,4,5,NA
1530,sign up,6,5,2,7,7,6,NA
1531,sign up,4,6,7,6,3,6,NA
1532,sign up,5,7,7,7,7,6,NA
1533,sign up,3,4,4,5,3,5,NA
1534,sign up,1,4,7,4,3,3,NA
1535,sign up,6,5,4,7,6,6,NA
1536,sign up,4,7,7,7,6,7,NA
1537,sign up,1,4,2,7,7,4,NA
1538,sign up,4,5,7,6,5,5,NA
1539,sign up,4,4,6,5,4,5,NA
1540,sign up,6,7,6,4,3,7,NA
1541,sign up,6,4,2,5,4,6,NA
1542,sign up,6,7,7,6,6,6,NA
1543,sign up,5,5,4,4,4,7,NA
1544,sign up,6,6,7,5,4,4,NA
1545,sign up,5,6,7,6,4,6,NA
1546,sign up,5,5,6,7,7,7,NA
1547,sign up,2,7,6,5,7,6,NA
1548,sign up,2,1,2,3,6,3,NA
1549,sign up,5,5,5,6,7,7,NA
1550,sign up,5,7,7,7,4,6,NA
1551,sign up,5,6,3,7,5,6,NA
1552,sign up,4,4,4,4,6,7,NA
1553,sign up,6,4,3,5,4,5,NA
1554,sign up,6,6,7,7,7,6,NA
1555,sign up,5,3,2,7,6,7,NA
1556,sign up,4,4,6,5,3,6,NA
1557,sign up,5,5,5,6,7,3,NA
1558,sign up,2,4,5,5,4,2,NA
1559,sign up,3,7,7,6,7,5,NA
1560,sign up,3,4,2,6,3,5,NA
1561,sign up,5,5,7,6,6,7,NA
1562,sign up,6,6,7,6,4,7,NA
1563,sign up,2,4,6,4,2,4,NA
1564,sign up,3,5,4,5,6,4,NA
1565,sign up,6,3,1,6,3,5,NA
1566,sign up,5,6,6,4,6,6,NA
1567,sign up,4,4,4,6,6,6,NA
1568,sign up,6,7,7,6,5,6,NA
1569,sign up,4,6,6,4,2,5,NA
1570,sign up,4,7,7,3,3,2,NA
1571,sign up,3,5,4,3,4,5,NA
1572,sign up,2,4,4,1,2,4,NA
1573,sign up,3,6,4,6,7,5,NA
1574,sign up,4,6,7,7,7,6,NA
1575,sign up,6,6,3,7,7,7,NA
1576,sign up,4,6,6,5,4,5,NA
1577,sign up,5,7,5,6,4,7,NA
1578,sign up,6,7,7,7,6,5,NA
1579,sign up,4,5,3,6,7,5,NA
1580,sign up,6,7,5,7,5,6,NA
1581,sign up,1,2,1,1,1,2,NA
1582,sign up,5,4,4,4,2,4,NA
1583,sign up,6,5,3,6,4,6,NA
1584,sign up,5,5,4,5,5,4,NA
1585,sign up,3,3,4,4,6,1,NA
1586,sign up,1,2,2,5,4,2,NA
1587,sign up,5,6,4,6,4,7,NA
1588,sign up,5,5,4,7,7,7,NA
1589,sign up,2,5,6,5,4,5,NA
1590,sign up,3,4,2,6,5,3,NA
1591,sign up,5,4,5,7,7,4,NA
1592,sign up,5,7,5,7,4,7,NA
1593,sign up,6,7,7,7,6,7,NA
1594,sign up,5,5,3,4,6,3,NA
1595,sign up,4,4,6,7,7,5,NA
1596,sign up,5,6,5,6,4,7,NA
1597,sign up,6,7,7,7,5,7,NA
1598,sign up,5,6,6,6,4,3,NA
1599,sign up,5,6,7,6,7,7,NA
1600,sign up,5,7,5,7,7,7,NA
1601,sign up,3,5,4,7,7,6,NA
1602,sign up,4,7,7,7,6,7,NA
1603,sign up,6,6,4,7,7,7,NA
1604,sign up,3,5,4,3,4,6,NA
1605,sign up,5,6,3,7,6,7,NA
1606,sign up,6,7,7,6,4,7,NA
1607,sign up,4,6,3,6,6,6,NA
1608,sign up,6,5,7,7,5,5,NA
1609,sign up,5,6,7,6,7,7,NA
1610,sign up,2,3,3,2,1,4,NA
1611,sign up,6,6,7,6,6,6,NA
1612,sign up,5,6,6,6,4,7,NA
1613,sign up,3,5,5,6,3,5,NA
1614,sign up,6,5,4,7,5,4,NA
1615,sign up,6,7,7,6,4,5,NA
1616,sign up,5,6,7,7,7,6,NA
1617,sign up,5,4,5,6,6,5,NA
1618,sign up,6,7,7,6,6,4,NA
1619,sign up,6,7,5,7,7,7,NA
1620,sign up,4,5,3,7,7,6,NA
1621,sign up,3,5,3,4,4,3,NA
1622,sign up,3,1,3,7,7,5,NA
1623,sign up,4,6,7,6,7,7,NA
1624,sign up,2,5,3,3,1,5,NA
1625,sign up,4,5,3,7,7,5,NA
1626,sign up,4,6,6,6,4,7,NA
1627,sign up,6,3,2,4,1,7,NA
1628,sign up,4,7,5,7,7,6,NA
1629,sign up,3,6,7,6,5,4,NA
1630,sign up,5,6,5,5,2,7,NA
1631,sign up,4,3,6,5,3,6,NA
1632,sign up,6,6,7,5,6,7,NA
1633,sign up,4,2,4,2,2,4,NA
1634,sign up,6,6,6,5,3,7,NA
1635,sign up,3,5,7,5,6,6,NA
1636,sign up,3,4,2,4,3,7,NA
1637,sign up,6,3,5,4,3,7,NA
1638,sign up,2,4,2,3,5,3,NA
1639,sign up,6,7,5,6,7,6,NA
1640,sign up,5,4,4,7,6,4,NA
1641,sign up,4,4,6,7,5,3,NA
1642,sign up,5,6,7,5,5,7,NA
1643,sign up,3,4,6,4,1,6,NA
1644,sign up,5,4,1,4,7,4,NA
1645,sign up,6,7,7,6,4,7,NA
1646,sign up,5,5,2,5,7,5,NA
1647,sign up,3,4,4,6,4,4,NA
1648,sign up,5,5,5,7,7,7,NA
1649,sign up,3,6,5,7,7,7,NA
1650,sign up,6,5,4,7,5,6,NA
1651,sign up,3,4,2,6,6,3,NA
1652,sign up,6,7,6,7,7,7,NA
1653,sign up,6,4,6,4,4,5,NA
1654,sign up,5,7,7,6,5,7,NA
1655,sign up,4,7,7,7,6,7,NA
1656,sign up,6,4,3,6,5,7,NA
1657,sign up,3,6,7,6,7,7,NA
1658,sign up,4,6,7,4,2,4,NA
1659,sign up,5,5,7,4,3,4,NA
1660,sign up,1,5,4,5,2,5,NA
1661,sign up,4,4,7,6,5,6,NA
1662,sign up,2,4,4,4,7,4,NA
1663,sign up,5,5,3,4,2,4,NA
1664,sign up,5,6,3,7,7,6,NA
1665,sign up,2,4,5,4,5,6,NA
1666,sign up,3,5,4,4,7,4,NA
1667,sign up,5,5,3,5,7,7,NA
1668,sign up,5,6,7,7,7,7,NA
1669,sign up,6,4,3,6,3,4,NA
1670,sign up,5,7,5,5,7,7,NA
1671,sign up,1,4,4,7,7,6,NA
1672,sign up,5,6,7,7,6,6,NA
1673,sign up,1,3,4,5,7,5,NA
1674,sign up,3,5,4,6,5,4,NA
1675,sign up,4,4,4,5,7,6,NA
1676,sign up,4,2,1,5,5,5,NA
1677,sign up,5,7,5,4,1,7,NA
1678,sign up,5,7,7,5,7,6,NA
1679,sign up,5,6,3,4,6,5,NA
1680,sign up,6,6,3,6,4,7,NA
1681,sign up,6,6,6,7,7,7,NA
1682,sign up,3,7,6,6,7,3,NA
1683,sign up,5,7,7,5,5,7,NA
1684,sign up,4,5,2,5,7,5,NA
1685,sign up,6,5,7,3,2,5,NA
1686,sign up,2,4,2,3,5,3,NA
1687,sign up,4,6,5,6,6,7,NA
1688,sign up,5,7,5,6,4,6,NA
1689,sign up,4,4,1,4,2,4,NA
1690,sign up,5,7,7,7,7,7,NA
1691,sign up,5,7,6,7,4,7,NA
1692,sign up,3,6,6,6,4,3,NA
1693,sign up,3,5,3,5,4,6,NA
1694,sign up,4,4,5,5,6,5,NA
1695,sign up,3,5,6,4,4,5,NA
1696,sign up,2,6,7,4,6,5,NA
1697,sign up,2,5,2,3,2,6,NA
1698,sign up,6,5,4,5,6,5,NA
1699,sign up,6,7,4,7,7,7,NA
1700,sign up,4,5,7,5,5,5,NA
1701,sign up,6,7,7,7,7,6,NA
1702,sign up,5,5,6,5,4,6,NA
1703,sign up,3,4,7,4,6,1,NA
1704,sign up,6,7,4,6,5,5,NA
1705,sign up,4,6,5,7,7,7,NA
1706,sign up,2,4,2,4,2,5,NA
1707,sign up,4,5,7,7,5,5,NA
1708,sign up,4,3,3,6,7,6,NA
1709,sign up,5,6,6,6,7,4,NA
1710,sign up,5,5,5,3,1,5,NA
1711,sign up,6,5,5,6,6,5,NA
1712,sign up,4,3,4,7,6,5,NA
1713,sign up,4,7,6,5,6,7,NA
1714,sign up,3,5,6,3,6,3,NA
1715,sign up,3,7,7,6,7,7,NA
1716,sign up,2,4,5,5,3,5,NA
1717,sign up,2,4,4,4,5,7,NA
1718,sign up,3,4,5,6,3,5,NA
1719,sign up,6,5,6,6,4,5,NA
1720,sign up,6,6,6,7,6,5,NA
1721,sign up,3,5,5,4,4,5,NA
1722,sign up,5,6,4,6,5,6,NA
1723,sign up,4,6,5,5,3,4,NA
1724,sign up,4,6,6,7,7,4,NA
1725,sign up,5,4,5,6,6,7,NA
1726,sign up,3,2,4,6,4,6,NA
1727,sign up,4,6,4,7,5,5,NA
1728,sign up,3,5,4,4,5,5,NA
1729,sign up,5,7,6,3,2,3,NA
1730,sign up,6,4,7,6,6,4,NA
1731,sign up,4,5,4,6,7,6,NA
1732,sign up,5,5,6,7,6,6,NA
1733,sign up,6,5,7,7,7,5,NA
1734,sign up,6,4,3,7,7,6,NA
1735,sign up,4,7,7,7,5,7,NA
1736,sign up,5,7,7,5,6,5,NA
1737,sign up,4,7,7,7,7,6,NA
1738,sign up,3,6,5,7,7,6,NA
1739,sign up,5,6,4,4,7,6,NA
1740,sign up,6,7,7,7,7,7,NA
1741,sign up,3,5,4,6,7,4,NA
1742,sign up,6,6,7,7,7,7,NA
1743,sign up,4,5,7,6,6,5,NA
1744,sign up,3,6,7,7,7,6,NA
1745,sign up,5,7,6,7,7,7,NA
1746,sign up,6,5,3,4,5,6,NA
1747,sign up,6,7,7,7,7,6,NA
1748,sign up,5,6,7,5,7,5,NA
1749,sign up,5,5,7,3,1,3,NA
1750,sign up,3,4,7,5,6,6,NA
1751,sign up,6,4,3,5,3,3,NA
1752,sign up,3,4,4,5,4,7,NA
1753,sign up,2,4,3,3,4,4,NA
1754,sign up,4,6,7,7,7,7,NA
1755,sign up,6,5,7,5,4,3,NA
1756,sign up,5,4,3,6,7,5,NA
1757,sign up,5,5,3,6,7,5,NA
1758,sign up,6,7,7,5,4,5,NA
1759,sign up,5,5,5,7,6,4,NA
1760,sign up,4,7,7,7,7,6,NA
1761,sign up,4,6,3,2,1,5,NA
1762,sign up,5,7,6,7,7,7,NA
1763,sign up,5,6,3,4,1,6,NA
1764,sign up,3,6,5,6,7,6,NA
1765,sign up,3,6,7,5,7,6,NA
1766,sign up,3,6,7,7,6,5,NA
1767,sign up,2,6,4,4,7,5,NA
1768,sign up,5,2,1,6,7,5,NA
1769,sign up,6,5,6,4,1,5,NA
1770,sign up,3,6,6,5,7,6,NA
1771,sign up,4,5,7,5,3,6,NA
1772,sign up,5,7,7,5,4,4,NA
1773,sign up,6,7,4,7,7,6,NA
1774,sign up,6,6,6,5,7,7,NA
1775,sign up,6,7,6,6,3,7,NA
1776,sign up,4,4,6,6,4,6,NA
1777,sign up,4,6,6,4,6,3,NA
1778,sign up,3,6,5,5,4,5,NA
1779,sign up,6,7,5,7,5,6,NA
1780,sign up,3,6,7,7,7,5,NA
1781,sign up,3,7,7,4,3,3,NA
1782,sign up,5,3,3,3,4,4,NA
1783,sign up,2,6,6,3,4,4,NA
1784,sign up,5,4,2,4,6,4,NA
1785,sign up,2,4,3,4,4,4,NA
1786,sign up,4,6,7,6,7,5,NA
1787,sign up,6,7,4,5,6,6,NA
1788,sign up,4,5,5,7,7,4,NA
1789,sign up,6,6,7,6,7,4,NA
1790,sign up,6,5,7,6,4,6,NA
1791,sign up,3,6,5,6,5,6,NA
1792,sign up,6,5,7,6,4,4,NA
1793,sign up,4,5,7,6,4,6,NA
1794,sign up,5,4,6,4,7,4,NA
1795,sign up,5,6,6,7,7,7,NA
1796,sign up,5,7,7,3,6,5,NA
1797,sign up,4,4,5,5,4,5,NA
1798,sign up,3,5,3,6,5,5,NA
1799,sign up,5,6,6,4,6,5,NA
1800,sign up,4,5,4,6,7,7,NA
1801,sign up,4,6,4,6,5,6,NA
1802,sign up,5,5,4,6,4,7,NA
1803,sign up,4,5,7,4,3,3,NA
1804,sign up,5,6,5,5,6,5,NA
1805,sign up,3,7,7,6,5,7,NA
1806,sign up,4,5,3,6,7,4,NA
1807,sign up,4,6,7,7,7,5,NA
1808,sign up,6,7,7,7,6,7,NA
1809,sign up,2,1,1,5,6,3,NA
1810,sign up,3,5,4,5,4,5,NA
1811,sign up,5,5,2,5,5,7,NA
1812,sign up,6,7,4,5,3,6,NA
1813,sign up,4,6,7,7,5,7,NA
1814,sign up,5,5,6,7,7,6,NA
1815,sign up,4,4,4,4,7,6,NA
1816,sign up,4,5,7,6,4,4,NA
1817,sign up,4,6,7,7,6,6,NA
1818,sign up,3,6,4,7,5,5,NA
1819,sign up,3,5,7,5,3,3,NA
1820,sign up,3,6,7,5,5,4,NA
1821,sign up,6,6,6,6,7,7,NA
1822,sign up,5,5,5,5,7,6,NA
1823,sign up,4,6,5,7,6,6,NA
1824,sign up,3,4,1,6,7,3,NA
1825,sign up,6,5,5,6,5,6,NA
1826,sign up,6,6,7,7,7,5,NA
1827,sign up,4,4,2,7,6,6,NA
1828,sign up,6,7,5,5,7,3,NA
1829,sign up,6,6,7,4,4,5,NA
1830,sign up,5,7,4,7,4,7,NA
1831,sign up,6,6,6,6,5,7,NA
1832,sign up,5,3,1,5,7,7,NA
1833,sign up,2,6,7,2,4,2,NA
1834,sign up,6,7,5,7,7,5,NA
1835,sign up,5,7,7,6,7,4,NA
1836,sign up,4,7,5,7,7,4,NA
1837,sign up,5,6,7,6,7,5,NA
1838,sign up,3,4,6,5,3,6,NA
1839,sign up,3,4,7,3,5,2,NA
1840,sign up,4,6,6,5,2,6,NA
1841,sign up,5,7,7,7,6,7,NA
1842,sign up,5,6,7,7,7,5,NA
1843,sign up,5,6,7,6,3,6,NA
1844,sign up,5,4,7,4,2,4,NA
1845,sign up,4,6,5,7,7,7,NA
1846,sign up,5,6,7,6,5,5,NA
1847,sign up,5,5,7,4,2,5,NA
1848,sign up,3,4,5,4,1,4,NA
1849,sign up,6,6,5,7,7,5,NA
1850,sign up,5,7,5,7,6,7,NA
1851,sign up,5,6,6,4,1,6,NA
1852,sign up,4,7,7,7,6,5,NA
1853,sign up,3,3,5,3,4,7,NA
1854,sign up,5,7,4,6,4,7,NA
1855,sign up,5,7,7,7,7,5,NA
1856,sign up,4,3,3,4,5,3,NA
1857,sign up,6,6,6,5,4,4,NA
1858,sign up,5,6,6,7,5,6,NA
1859,sign up,5,5,4,5,2,6,NA
1860,sign up,6,5,4,4,4,5,NA
1861,sign up,5,7,4,5,5,7,NA
1862,sign up,4,2,4,6,6,4,NA
1863,sign up,3,6,6,7,7,7,NA
1864,sign up,2,4,7,3,2,2,NA
1865,sign up,6,4,6,7,6,6,NA
